Angulo_CA3-C_3,Angulo_CA4-C_4,Angulo_AC1-AC4,Torsion_aa2,Phi_aa2,Psi_aa2,Omega_aa2,Polares_Positivos,C-C,Radio_Sitio_Desvi,clase
35.0661217806,43.782548959799996,85.3585363966,222.739133928,228.943934842,4.552967260819999,-1,17.6470588235,390,1.6290370148,1
140.026408836,36.8603464658,140.334519597,212.02756858200001,228.943934842,4.552967260819999,-1,12.5,392,1.58270547942,1
33.3194763723,73.6248360096,27.0412605895,222.739133928,228.943934842,4.552967260819999,-1,18.75,402,1.58354691736,1
52.6093848457,76.9299069879,37.3519048475,259.75173681,230.90538867599997,57.8840336853,-1,21.428571428599998,484,1.38719499113,1
35.8329673318,140.625590725,35.3121095476,222.739133928,228.943934842,4.552967260819999,-1,17.6470588235,390,1.6290370148,1
63.9834134039,66.9524790083,21.6614112873,222.64467486900003,75.9097527271,356.40890660599996,1,13.333333333299999,366,1.5856660912399998,1
33.1000368289,50.780339697799995,59.7076566155,222.739133928,228.943934842,4.552967260819999,-1,18.75,402,1.57152716859,1
68.0737735687,67.6684172492,162.013250334,116.705182549,75.9097527271,356.40890660599996,1,14.2857142857,406,1.41086158295,1
45.659708048999995,72.5381074242,157.434279376,16.3830749702,193.50807452900003,24.3237640925,-1,15.3846153846,410,1.25308069534,1
45.5100569751,122.523948492,46.770589990299996,172.32577696,228.943934842,4.552967260819999,-1,7.1428571428600005,188,1.61552613461,1
68.9718908992,144.373545303,35.73472134,227.038290588,228.943934842,4.552967260819999,-1,14.2857142857,424,1.40118988925,1
143.12692130000002,69.5130247944,25.6992021346,212.02756858200001,228.943934842,4.552967260819999,-1,13.333333333299999,398,1.5368080012,1
69.2990267586,146.042854777,35.08779642,227.038290588,228.943934842,4.552967260819999,-1,20.0,456,1.45760470192,1
51.6347449008,77.8544993915,136.058218313,259.75173681,230.90538867599997,57.8840336853,-1,21.428571428599998,444,1.39427645686,1
143.459198759,69.7515928366,24.3008595693,212.02756858200001,228.943934842,4.552967260819999,-1,20.0,384,1.4383516202000002,1
69.6499735002,147.443332905,33.628007117399996,227.038290588,228.943934842,4.552967260819999,-1,20.0,456,1.45760470192,1
58.2339256426,66.2840155367,82.1249851972,157.871220938,276.239410165,116.349683191,-1,0.0,64,1.9541291146200002,1
77.1036648586,57.23580443270001,22.7641007717,1.99845528795,276.239410165,116.349683191,-1,0.0,98,1.58858346815,1
77.1036648586,57.23580443270001,22.7641007717,1.99845528795,276.239410165,116.349683191,-1,0.0,98,1.58858346815,1
60.796607641499996,71.1864946972,89.48539931090001,157.871220938,276.239410165,116.349683191,-1,11.1111111111,98,1.7723600065599998,1
56.1890242771,63.4158351159,82.86915364020001,157.871220938,276.239410165,116.349683191,-1,0.0,92,1.8124835054900001,1
112.87147299,60.955996437299994,21.6058089723,179.16561149700001,49.14546397,18.9436937182,1,0.0,88,1.5896506711899998,1
79.6227217205,55.546147796099994,22.9930983008,1.99845528795,276.239410165,116.349683191,-1,0.0,104,1.80247027533,1
58.2528183226,64.7541219834,36.1336471729,189.230386458,49.14546397,18.9436937182,1,0.0,96,1.96141077469,1
112.665151245,60.396018897,72.17510898479999,28.9392510959,15.4201927124,100.12747443,1,0.0,66,1.67208428817,1
56.4215551378,64.8931437491,82.9068750996,157.871220938,276.239410165,116.349683191,-1,0.0,78,2.0120485278299998,1
56.90736550770001,65.7534729528,85.3960079795,157.871220938,276.239410165,116.349683191,-1,0.0,88,1.9931221132099999,1
56.1010606242,66.0358407896,76.8018247207,157.871220938,276.239410165,116.349683191,-1,12.5,68,1.94036444271,1
28.971531312600003,66.49835546140001,58.0477453774,296.207549681,276.239410165,116.349683191,-1,11.1111111111,84,1.6215840706600002,1
77.3828064865,62.024836118100005,23.7864029641,1.99845528795,276.239410165,116.349683191,-1,0.0,158,1.43325464705,1
51.1649862401,75.1035478236,96.88760924360001,157.871220938,276.239410165,116.349683191,-1,11.1111111111,154,1.9956145478,1
45.745709509300006,162.7378184,20.0750739557,157.871220938,276.239410165,116.349683191,-1,12.5,192,1.7100044625600002,1
51.3034301989,74.8791525205,96.9379121482,157.871220938,276.239410165,116.349683191,-1,11.1111111111,154,1.9956145478,1
75.3439865861,57.2965442089,19.7909944138,1.99845528795,276.239410165,116.349683191,-1,0.0,84,1.44415601935,1
53.26770739,71.7718386632,83.48869689989999,157.871220938,276.239410165,116.349683191,-1,12.5,106,2.20526000383,1
50.9473153041,74.9130135936,96.6482568577,157.871220938,276.239410165,116.349683191,-1,10.0,168,1.97577356643,1
51.174119590100005,74.93381731640001,96.64496694299999,157.871220938,276.239410165,116.349683191,-1,11.1111111111,154,1.9956145478,1
51.2236272065,74.8491897748,96.1236320742,157.871220938,276.239410165,116.349683191,-1,11.1111111111,154,1.9956145478,1
55.5913303821,67.7736446183,83.6714827887,157.871220938,276.239410165,116.349683191,-1,12.5,104,2.07083746185,1
74.9491633634,57.2790331351,19.6106984414,1.99845528795,276.239410165,116.349683191,-1,16.6666666667,84,1.52993978623,1
76.1798057034,57.902542321300004,20.8978398928,1.99845528795,276.239410165,116.349683191,-1,0.0,100,1.7181486579499998,1
113.49808673700001,58.9483206983,19.9587999267,179.16561149700001,49.14546397,18.9436937182,1,0.0,88,1.6316757632899999,1
74.8857763158,57.7683265092,20.294979266,1.99845528795,276.239410165,116.349683191,-1,0.0,88,1.69387011625,1
54.8302876025,88.8253175691,144.80185307,281.249099806,155.862917267,18.4423928233,1,8.333333333330001,210,1.32829770088,1
54.1033955053,88.87310148440001,143.529013019,281.249099806,155.862917267,18.4423928233,1,8.333333333330001,210,1.32829770088,1
102.61104645799999,24.2519101035,168.41518435700002,251.012632615,254.51086487700002,55.4049795945,-1,9.090909090910001,258,1.20115358021,1
50.01606962859999,52.455745951000004,58.9286336847,204.964224388,359.142447435,8.80240155618,-1,10.0,178,1.1789936538299999,1
48.3244921819,52.0164696938,59.8284186921,204.964224388,359.142447435,8.80240155618,-1,9.090909090910001,202,1.33854671935,1
66.20444146,73.5543455215,39.878633128800004,160.567660315,64.4109475181,191.450465655,1,50.0,136,2.0913174723299996,1
66.20444146,73.5543455215,39.878633128800004,160.567660315,64.4109475181,191.450465655,1,50.0,136,2.0913174723299996,1
50.4700293269,51.4136012169,59.5013220606,204.964224388,359.142447435,8.80240155618,-1,10.0,142,1.37976822648,1
120.199150815,81.7606896889,19.8455080381,341.32503531,346.32604286800006,26.7697566762,-1,9.090909090910001,158,1.59666352217,1
51.4706415618,50.63208112,58.731983057600004,204.964224388,359.142447435,8.80240155618,-1,9.090909090910001,150,1.5354189394100002,1
72.9469008209,68.1069047986,106.659408523,282.52982067700003,64.4109475181,191.450465655,1,25.0,178,0.976008233538,1
48.5418747549,53.003768460299995,59.582040492,204.964224388,359.142447435,8.80240155618,-1,10.0,202,1.1471067058600002,1
65.4314072747,71.1626572144,45.1702799403,160.567660315,64.4109475181,191.450465655,1,40.0,196,2.16156891866,1
108.72436917700001,50.3934504343,130.972915546,251.012632615,254.51086487700002,55.4049795945,-1,9.090909090910001,242,1.23713594363,1
57.7571052482,92.3431635309,42.4876691614,51.873929851199996,350.170264529,318.34785878599996,-1,33.3333333333,192,2.12184362192,1
49.7248019666,46.943448358400005,57.9049943041,281.249099806,155.862917267,18.4423928233,1,9.090909090910001,140,1.1198648227399999,1
69.8529888996,19.993335186099998,94.8426485733,157.871220938,276.239410165,116.349683191,-1,9.090909090910001,100,1.1162407475700002,0
71.6169672495,34.7942280155,119.47787676700001,160.567660315,64.4109475181,191.450465655,1,33.3333333333,258,1.62618673075,0
72.7700689501,34.0946569269,139.18987153,227.038290588,228.943934842,4.552967260819999,-1,20.0,440,1.5350379576,0
81.2285501167,30.0820208745,138.015715019,356.560425841,75.8584954864,319.401047503,1,20.0,542,1.35500335796,0
81.2285501167,30.0820208745,138.015715019,356.560425841,75.8584954864,319.401047503,1,20.0,542,1.35500335796,0
134.207386856,46.264392988900006,89.4681640717,212.02756858200001,228.943934842,4.552967260819999,-1,13.333333333299999,288,1.5751904929,0
74.17962221239999,57.993246617299995,20.9302441661,1.99845528795,276.239410165,116.349683191,-1,0.0,80,1.50818620155,0
75.8351366478,97.078752566,48.119487945100005,327.37836150000004,207.596799136,196.36846969099997,-1,37.5,206,1.4331835931799999,0
76.3735027093,31.2106970814,145.02548924,356.560425841,75.8584954864,319.401047503,1,21.428571428599998,510,1.3700359266,0
139.768795026,37.2073587995,140.23133351200002,212.02756858200001,228.943934842,4.552967260819999,-1,12.5,392,1.58270547942,0
69.8529888996,19.993335186099998,94.8426485733,157.871220938,276.239410165,116.349683191,-1,9.090909090910001,100,1.1162407475700002,0
83.160093016,33.1097834365,139.859536918,356.560425841,75.8584954864,319.401047503,1,14.2857142857,508,1.26859900041,0
139.768795026,37.2073587995,140.23133351200002,212.02756858200001,228.943934842,4.552967260819999,-1,12.5,392,1.58270547942,0
134.207386856,46.264392988900006,89.4681640717,212.02756858200001,228.943934842,4.552967260819999,-1,13.333333333299999,288,1.5751904929,0
69.0905254531,67.43276042689999,45.6341279229,160.567660315,64.4109475181,191.450465655,1,28.5714285714,246,1.75019288262,0
47.663557428599994,53.353972670299996,58.4224016322,204.964224388,359.142447435,8.80240155618,-1,9.090909090910001,202,1.28847438601,0
35.0502275665,72.6220223152,30.885720139,222.739133928,228.943934842,4.552967260819999,-1,20.0,406,1.5091821800799998,0
113.528245794,58.6596885567,19.6002722572,179.16561149700001,49.14546397,18.9436937182,1,16.6666666667,88,1.6605954035600001,0
74.4184542201,58.343430028,19.286724096300002,1.99845528795,276.239410165,116.349683191,-1,16.6666666667,106,1.56658327711,0
74.17962221239999,57.993246617299995,20.9302441661,1.99845528795,276.239410165,116.349683191,-1,0.0,80,1.50818620155,0
110.12223553,52.2457618874,129.340421389,251.012632615,254.51086487700002,55.4049795945,-1,10.0,252,1.05733267595,0
35.0502275665,72.6220223152,30.885720139,222.739133928,228.943934842,4.552967260819999,-1,20.0,406,1.5091821800799998,0
71.6169672495,34.7942280155,119.47787676700001,160.567660315,64.4109475181,191.450465655,1,33.3333333333,258,1.62618673075,0
71.6169672495,34.7942280155,119.47787676700001,160.567660315,64.4109475181,191.450465655,1,33.3333333333,258,1.62618673075,0
72.7700689501,34.0946569269,139.18987153,227.038290588,228.943934842,4.552967260819999,-1,20.0,440,1.5350379576,0
75.8351366478,97.078752566,48.119487945100005,327.37836150000004,207.596799136,196.36846969099997,-1,37.5,206,1.4331835931799999,0
81.2285501167,30.0820208745,138.015715019,356.560425841,75.8584954864,319.401047503,1,20.0,542,1.35500335796,0
47.663557428599994,53.353972670299996,58.4224016322,204.964224388,359.142447435,8.80240155618,-1,9.090909090910001,202,1.28847438601,0
69.0905254531,67.43276042689999,45.6341279229,160.567660315,64.4109475181,191.450465655,1,28.5714285714,246,1.75019288262,0
134.207386856,46.264392988900006,89.4681640717,212.02756858200001,228.943934842,4.552967260819999,-1,13.333333333299999,288,1.5751904929,0
72.7700689501,34.0946569269,139.18987153,227.038290588,228.943934842,4.552967260819999,-1,20.0,440,1.5350379576,0
83.160093016,33.1097834365,139.859536918,356.560425841,75.8584954864,319.401047503,1,14.2857142857,508,1.26859900041,0
74.17962221239999,57.993246617299995,20.9302441661,1.99845528795,276.239410165,116.349683191,-1,0.0,80,1.50818620155,0
72.7700689501,34.0946569269,139.18987153,227.038290588,228.943934842,4.552967260819999,-1,20.0,440,1.5350379576,0
73.4509240066,57.775028283599994,21.4277155911,1.99845528795,276.239410165,116.349683191,-1,0.0,48,1.8524481889,0
81.2285501167,30.0820208745,138.015715019,356.560425841,75.8584954864,319.401047503,1,20.0,542,1.35500335796,0
52.8376988755,63.8205851224,72.0331879883,157.871220938,276.239410165,116.349683191,-1,0.0,68,2.06978925561,0
75.8351366478,97.078752566,48.119487945100005,327.37836150000004,207.596799136,196.36846969099997,-1,37.5,206,1.4331835931799999,0
80.17199147640001,31.960557308600002,144.453873559,356.560425841,75.8584954864,319.401047503,1,20.0,540,1.35027508114,0
72.7700689501,34.0946569269,139.18987153,227.038290588,228.943934842,4.552967260819999,-1,20.0,440,1.5350379576,0
72.7700689501,34.0946569269,139.18987153,227.038290588,228.943934842,4.552967260819999,-1,20.0,440,1.5350379576,0
76.3735027093,31.2106970814,145.02548924,356.560425841,75.8584954864,319.401047503,1,21.428571428599998,510,1.3700359266,0
35.0502275665,72.6220223152,30.885720139,222.739133928,228.943934842,4.552967260819999,-1,20.0,406,1.5091821800799998,0
139.768795026,37.2073587995,140.23133351200002,212.02756858200001,228.943934842,4.552967260819999,-1,12.5,392,1.58270547942,0
74.4184542201,58.343430028,19.286724096300002,1.99845528795,276.239410165,116.349683191,-1,16.6666666667,106,1.56658327711,0
47.663557428599994,53.353972670299996,58.4224016322,204.964224388,359.142447435,8.80240155618,-1,9.090909090910001,202,1.28847438601,0
71.6169672495,34.7942280155,119.47787676700001,160.567660315,64.4109475181,191.450465655,1,33.3333333333,258,1.62618673075,0
76.3735027093,31.2106970814,145.02548924,356.560425841,75.8584954864,319.401047503,1,21.428571428599998,510,1.3700359266,0
74.17962221239999,57.993246617299995,20.9302441661,1.99845528795,276.239410165,116.349683191,-1,0.0,80,1.50818620155,0
73.4509240066,57.775028283599994,21.4277155911,1.99845528795,276.239410165,116.349683191,-1,0.0,48,1.8524481889,0
83.160093016,33.1097834365,139.859536918,356.560425841,75.8584954864,319.401047503,1,14.2857142857,508,1.26859900041,0
83.160093016,33.1097834365,139.859536918,356.560425841,75.8584954864,319.401047503,1,14.2857142857,508,1.26859900041,0
134.207386856,46.264392988900006,89.4681640717,212.02756858200001,228.943934842,4.552967260819999,-1,13.333333333299999,288,1.5751904929,0
74.17962221239999,57.993246617299995,20.9302441661,1.99845528795,276.239410165,116.349683191,-1,0.0,80,1.50818620155,0
81.2285501167,30.0820208745,138.015715019,356.560425841,75.8584954864,319.401047503,1,20.0,542,1.35500335796,0
139.768795026,37.2073587995,140.23133351200002,212.02756858200001,228.943934842,4.552967260819999,-1,12.5,392,1.58270547942,0
52.8376988755,63.8205851224,72.0331879883,157.871220938,276.239410165,116.349683191,-1,0.0,68,2.06978925561,0
69.0905254531,67.43276042689999,45.6341279229,160.567660315,64.4109475181,191.450465655,1,28.5714285714,246,1.75019288262,0
75.8351366478,97.078752566,48.119487945100005,327.37836150000004,207.596799136,196.36846969099997,-1,37.5,206,1.4331835931799999,0
