Distancia_CA1,Distancia_CA2,Distancia_CA3,Distancia_CA4,Distancia_A+C1,Distancia_A+C2,Distancia_A+C3,Distancia_A+C4,Distancia_CA1-CA2,Distancia_CA1-CA3,Distancia_CA1-CA4,Distancia_CA2-CA3,Distancia_CA2-CA4,Distancia_CA3-CA4,Distancia_AC1-AC2,Distancia_AC1-AC3,Distancia_AC1-AC4,Distancia_AC2-AC3,Distancia_AC2-AC4,Distancia_AC3-AC4,Angulo_CA1-C_1,Angulo_CA2-C_2,Angulo_CA3-C_3,Angulo_CA4-C_4,Angulo_CA1-CA2,Angulo_CA1-CA3,Angulo_CA1-CA4,Angulo_CA2-CA3,Angulo_CA2-CA4,Angulo_CA3-CA4,Angulo_AC1-AC2,Angulo_AC1-AC3,Angulo_AC1-AC4,Angulo_AC2-AC3,Angulo_AC2-AC4,Angulo_AC3-AC4,Torsion_aa1,Torsion_aa2,Torsion_aa3,Torsion_aa4,Phi_aa1,Phi_aa2,Phi_aa3,Psi_aa1,Psi_aa2,Psi_aa3,Omega_aa1,Omega_aa2,Omega_aa3,Hidrofobicidad_H,Hidrofobicidad_K,Hidrofobicidad_W,Total_Aminoacidos,No_Polares,Polares_Neutros,Polares_Positivos,Polares_Negativos,O_c3,C_c3,atomos_c3,N_c4,O_c4,C_c4,atomos_c4,atomos_sitio,C-C,C-O,C-N,O-O,O-N,N-N,Inter_totales,Desvi_est_int,Inter_funci,Desv_est_fun,energia_captacion_c3,energia_captacion_c4,energia_captacion_4aa,Radio_Sitio_Menor,Radio_Sitio_Mayor,Radio_Sitio_Prom,Radio_Sitio_Desvi,Total_aa_sitio,volumen_c3,volumen_c4,Smallest_alpha,Optimal_alpha,class
4.40380129115 , 5.41419923031 , 5.73746355961 , 6.06742978302 , 3.88844495022 , 4.95829735377 , 5.73746355961 , 6.06742978302 , 3.79129486816 , 3.78827339732 , 9.13108711261 , 6.8380375061 , 9.1601396845 , 8.38055209287 , 2.2214638549 , 4.32726266351 , 7.42320813718 , 5.82190531201 , 9.35327684238 , 8.38055209287 , 87.2392955936 , 57.8059874483 , 95.5609051464 , 26.2600598834 , 43.9470787129 , 41.3050098698 , 120.558477197 , 75.5782966241 , 105.702087279 , 90.4126757521 , 25.6170744396 , 48.9315939247 , 93.852485807 , 65.4842945621 , 115.692461113 , 90.4126757521 , 183.155569352 , 20.9168830644 , 95.487992336 , 352.133026445 , 195.905501056 , 237.651938134 , 14.7368315339 , 20.9785323458 , 76.4600844642 , 246.169699864 , -1 , -1 , 1 , 14.02 , -2.5 , -0.2 , 12 , 25.0 , 41.6666666667 , 25.0 , 8.33333333333 , 14.0 , 42.0 , 7 , 7.0 , 14.0 , 78.0 , 14 , 22 , 340 , 154 , 274 , 54 , 50 , 12 , 902 , 117.784549072 , 254 , 18.8007092065 , 13.2 , 15.4 , 48.0 , 4.04108353602 , 8.48774727756 , 5.35594248985 , 1.51360908684 , 12 , 851.03 , 1738.04 , 12.536 , 15.149 , 0 
4.14040936854 , 5.90935602683 , 6.07607297888 , 6.23058192684 , 4.14040936854 , 5.07666805827 , 6.07607297888 , 6.23058192684 , 3.79129486816 , 3.78827339732 , 4.57265476679 , 6.8380375061 , 7.84639972567 , 5.86602594465 , 2.4387594572 , 3.78827339732 , 4.57265476679 , 5.82190531201 , 6.40822660167 , 5.86602594465 , 66.4216002543 , 43.1952264707 , 104.944345698 , 63.7475998623 , 39.6274887851 , 37.885199242 , 47.2020318597 , 69.5583145314 , 80.4834597846 , 56.9176348233 , 28.432986494 , 37.885199242 , 47.2020318597 , 62.1746694176 , 68.1666651896 , 56.9176348233 , 183.155569352 , 20.9168830644 , 221.531053113 , 354.249643425 , 195.905501056 , 237.651938134 , 14.7368315339 , 20.9785323458 , 76.4600844642 , 246.169699864 , -1 , -1 , 1 , 14.51 , -3.5 , 1.63 , 13 , 30.7692307692 , 38.4615384615 , 23.0769230769 , 7.69230769231 , 20.0 , 60.0 , 5 , 22.0 , 0.0 , 77.0 , 9 , 14 , 178 , 70 , 130 , 32 , 20 , 2 , 432 , 60.207972894 , 122 , 8.62940708662 , 1.7 , 5.2 , 2.0 , 3.31380015193 , 7.82077430605 , 5.63581063237 , 1.10747144636 , 13 , 680.3 , 1400.83 , 15.3679 , 19.3737 , 0 
4.25165208777 , 5.22334302604 , 5.33339356579 , 5.59591376416 , 3.5117647692 , 5.22334302604 , 4.89276101532 , 5.59591376416 , 3.78827339732 , 3.79129486816 , 9.13108711261 , 6.8380375061 , 8.38055209287 , 9.1601396845 , 4.32726266351 , 2.2214638549 , 7.42320813718 , 5.82190531201 , 8.38055209287 , 9.35327684238 , 88.6508627748 , 91.0404431348 , 64.2889063323 , 21.6190533702 , 45.721163121 , 44.8579880312 , 135.580489666 , 80.7357640053 , 101.481286229 , 113.864045032 , 55.2889047517 , 24.2317342813 , 106.948439726 , 70.1834588841 , 101.481286229 , 126.05683738 , 332.60114116 , 86.2791386346 , 77.9640838359 , 329.363289096 , 195.905501056 , 14.7368315339 , 237.651938134 , 20.9785323458 , 246.169699864 , 76.4600844642 , -1 , 1 , -1 , 14.57 , -6.3 , -0.76 , 11 , 18.1818181818 , 45.4545454545 , 27.2727272727 , 9.09090909091 , 14.0 , 57.0 , 7 , 11.0 , 17.0 , 70.0 , 17 , 27 , 370 , 148 , 280 , 54 , 50 , 12 , 932 , 124.916772293 , 228 , 21.5839446503 , 19.2 , 28.4 , -11.2 , 3.97026860663 , 7.70050709424 , 4.95796820635 , 1.46080771187 , 11 , 1127.62 , 1525.05 , 12.0822 , 12.0822 , 1 
4.66634390179 , 5.28057937304 , 5.61923626489 , 5.96755001899 , 4.28013397945 , 4.98503455662 , 5.61923626489 , 5.96755001899 , 3.79129486816 , 9.13108711261 , 3.78827339732 , 9.1601396845 , 6.8380375061 , 8.38055209287 , 1.33168554055 , 8.50573654785 , 4.5547801628 , 9.35327684238 , 5.82190531201 , 8.38055209287 , 95.2573399457 , 60.9914414776 , 27.9770652181 , 95.3875452776 , 44.2756930085 , 124.928466798 , 39.4010777523 , 114.327798057 , 74.5991121879 , 92.6033037388 , 14.049443649 , 117.824216973 , 49.4868919811 , 123.666448981 , 63.478196035 , 92.6033037388 , 183.155569352 , 77.9640838359 , 260.973612562 , 61.3102921062 , 195.905501056 , 237.651938134 , 165.518975676 , 20.9785323458 , 76.4600844642 , 6.61422895147 , -1 , -1 , 1 , 14.57 , -6.3 , -0.76 , 11 , 18.1818181818 , 45.4545454545 , 27.2727272727 , 9.09090909091 , 0.0 , 57.0 , 7 , 11.0 , 16.0 , 72.0 , 18 , 27 , 376 , 160 , 278 , 60 , 50 , 16 , 940 , 127.379747213 , 234 , 18.8538236617 , 25.2 , 26.9 , 48.0 , 3.90639972093 , 6.73229778521 , 5.04463650493 , 1.24796116683 , 11 , 896.59 , 1602.91 , 6.87992 , 17.9948 , 1 
4.51922553959 , 5.36805312464 , 5.90533480341 , 5.99377245773 , 4.26018156359 , 4.96813304581 , 5.90533480341 , 5.99377245773 , 3.79129486816 , 3.78827339732 , 9.13108711261 , 6.8380375061 , 9.1601396845 , 8.38055209287 , 1.33168554055 , 4.5547801628 , 8.50573654785 , 5.82190531201 , 9.35327684238 , 8.38055209287 , 90.0067737548 , 57.7825595848 , 96.3192250715 , 27.6078740759 , 44.0613151346 , 39.9035775349 , 119.927771581 , 74.511982369 , 107.328771357 , 89.5429965093 , 14.0825685047 , 50.0982445142 , 110.965831006 , 64.0668502001 , 116.825652792 , 89.5429965093 , 183.155569352 , 20.9168830644 , 95.487992336 , 352.133026445 , 195.905501056 , 237.651938134 , 14.7368315339 , 20.9785323458 , 76.4600844642 , 246.169699864 , -1 , -1 , 1 , 14.02 , -2.5 , -0.2 , 12 , 25.0 , 41.6666666667 , 25.0 , 8.33333333333 , 14.0 , 42.0 , 7 , 6.0 , 12.0 , 81.0 , 16 , 24 , 358 , 166 , 280 , 60 , 50 , 16 , 948 , 122.781106038 , 258 , 18.8007092065 , 13.2 , 15.4 , 48.0 , 3.91920353323 , 8.41881696721 , 5.33487938888 , 1.46371712195 , 12 , 867.32 , 1749.87 , 10.896 , 15.149 , 0 
4.50215171653 , 5.17159569534 , 5.30212694084 , 5.56239088813 , 4.07723362216 , 4.88142138738 , 5.30212694084 , 5.56239088813 , 3.79129486816 , 9.13108711261 , 3.78827339732 , 9.1601396845 , 6.8380375061 , 8.38055209287 , 1.33168554055 , 8.50573654785 , 4.5547801628 , 9.35327684238 , 5.82190531201 , 8.38055209287 , 96.4116155088 , 65.8639242687 , 24.2705993568 , 92.5885378565 , 45.4967530523 , 137.138443926 , 42.6155642731 , 121.986388139 , 79.0516875374 , 100.926823803 , 13.6645229007 , 129.688619013 , 53.754411731 , 133.364485412 , 67.3944855246 , 100.926823803 , 183.155569352 , 77.9640838359 , 260.973612562 , 61.3102921062 , 195.905501056 , 237.651938134 , 165.518975676 , 20.9785323458 , 76.4600844642 , 6.61422895147 , -1 , -1 , 1 , 14.57 , -6.3 , -0.76 , 11 , 18.1818181818 , 45.4545454545 , 27.2727272727 , 9.09090909091 , 25.0 , 37.0 , 8 , 11.0 , 11.0 , 77.0 , 18 , 28 , 346 , 138 , 284 , 54 , 52 , 12 , 902 , 119.968329154 , 204 , 19.9632996605 , 17.2 , 26.4 , -11.2 , 1.96418595291 , 6.88546321073 , 4.95053035643 , 1.49293345565 , 11 , 1058.8 , 1540.34 , 11.5887 , 19.6966 , 0 
4.40235998517 , 5.50618314215 , 5.7529130962 , 6.21242634729 , 3.9917973704 , 5.01258589924 , 5.7529130962 , 5.45033188264 , 3.79129486816 , 3.78827339732 , 9.13108711261 , 6.8380375061 , 9.1601396845 , 8.38055209287 , 2.2214638549 , 4.32726266351 , 5.39272865659 , 5.82190531201 , 7.48300472187 , 6.34242138108 , 85.0621017984 , 56.6670723535 , 95.6680775746 , 26.3644230397 , 43.2272393269 , 41.1762037973 , 117.671011161 , 74.7580244702 , 102.661725689 , 88.8323491675 , 25.4817229716 , 48.7131418045 , 67.6321343291 , 65.0510873537 , 91.2198439118 , 68.8997921572 , 183.155569352 , 20.9168830644 , 95.487992336 , 352.133026445 , 195.905501056 , 237.651938134 , 14.7368315339 , 20.9785323458 , 76.4600844642 , 246.169699864 , -1 , -1 , 1 , 14.02 , -2.5 , -0.2 , 12 , 25.0 , 41.6666666667 , 25.0 , 8.33333333333 , 16.0 , 50.0 , 6 , 7.0 , 14.0 , 78.0 , 14 , 21 , 340 , 154 , 262 , 50 , 46 , 12 , 882 , 116.218759243 , 254 , 18.8007092065 , 6.4 , 7.4 , 48.0 , 4.20183674298 , 8.46744245321 , 5.38197369527 , 1.51618199846 , 12 , 735.1 , 1667.11 , 12.536 , 15.149 , 0 
4.43323006682 , 5.79920836832 , 6.52494251536 , 6.70183514122 , 4.43323006682 , 5.08801557335 , 6.52494251536 , 6.70183514122 , 3.79129486816 , 3.78827339732 , 4.57265476679 , 6.8380375061 , 7.84639972567 , 5.86602594465 , 2.4387594572 , 3.78827339732 , 4.57265476679 , 5.82190531201 , 6.40822660167 , 5.86602594465 , 73.297559609 , 41.3123921304 , 106.853594612 , 65.0130139132 , 40.8223051144 , 34.1503201938 , 42.7153761093 , 67.1012959039 , 77.3826264639 , 52.6336185134 , 28.6378851398 , 34.1503201938 , 42.7153761093 , 58.626090727 , 64.1484768606 , 52.6336185134 , 183.155569352 , 20.9168830644 , 221.531053113 , 132.632751259 , 195.905501056 , 237.651938134 , 14.7368315339 , 20.9785323458 , 76.4600844642 , 246.169699864 , -1 , -1 , 1 , 13.83 , -2.2 , 0.69 , 12 , 33.3333333333 , 33.3333333333 , 25.0 , 8.33333333333 , 25.0 , 50.0 , 4 , 16.0 , 0.0 , 83.0 , 12 , 16 , 208 , 76 , 120 , 28 , 16 , 4 , 452 , 66.3822265369 , 162 , 9.98999499499 , 1.2 , 4.7 , 60.0 , 4.32465154071 , 6.45961539336 , 5.64138394585 , 0.797532364393 , 12 , 488.34 , 1605.6 , 8.33267 , 17.3823 , 0 
4.79492986815 , 5.61377143278 , 6.27865080854 , 6.30768547455 , 4.5836741292 , 5.2107047512 , 6.27865080854 , 6.30768547455 , 3.79129486816 , 9.13108711261 , 3.78827339732 , 9.1601396845 , 6.8380375061 , 8.38055209287 , 1.33168554055 , 8.50573654785 , 4.5547801628 , 9.35327684238 , 5.82190531201 , 8.38055209287 , 88.7916273459 , 54.44869831 , 30.6131720559 , 97.691641468 , 41.8016674245 , 110.375574204 , 36.8140114243 , 100.604001969 , 69.7235887856 , 83.4940634549 , 13.8067932812 , 101.948030757 , 46.1616355172 , 108.637530791 , 59.822430632 , 83.4940634549 , 183.155569352 , 77.9640838359 , 260.973612562 , 104.863181589 , 195.905501056 , 237.651938134 , 165.518975676 , 20.9785323458 , 76.4600844642 , 6.61422895147 , -1 , -1 , 1 , 14.02 , -2.5 , -0.2 , 12 , 25.0 , 41.6666666667 , 25.0 , 8.33333333333 , 22.0 , 55.0 , 9 , 16.0 , 8.0 , 75.0 , 12 , 21 , 240 , 122 , 218 , 46 , 46 , 12 , 684 , 88.0908621822 , 258 , 20.6752670277 , 5.2 , 14.2 , 20.8 , 3.7440132953 , 5.42247088999 , 5.42467340855 , 1.19530633628 , 12 , 979.31 , 1568.6 , 10.896 , 15.149 , 0 
4.13216726136 , 5.28443543272 , 6.22477631607 , 6.89676266047 , 4.13216726136 , 4.65350230122 , 6.22477631607 , 6.89676266047 , 3.79129486816 , 3.78827339732 , 4.57265476679 , 6.8380375061 , 7.84639972567 , 5.86602594465 , 2.4387594572 , 3.78827339732 , 4.57265476679 , 5.82190531201 , 6.40822660167 , 5.86602594465 , 78.8633217367 , 44.1922586823 , 106.88144702 , 70.5666943732 , 45.4709338431 , 36.2778856313 , 39.8925715955 , 72.3801068179 , 78.9869096469 , 52.8074877683 , 31.5244509266 , 36.2778856313 , 39.8925715955 , 62.770172374 , 63.9833191133 , 52.8074877683 , 183.155569352 , 20.9168830644 , 221.531053113 , 92.0492912196 , 195.905501056 , 237.651938134 , 14.7368315339 , 20.9785323458 , 76.4600844642 , 246.169699864 , -1 , -1 , 1 , 16.38 , -6.6 , 0.01 , 12 , 25.0 , 41.6666666667 , 25.0 , 8.33333333333 , 20.0 , 40.0 , 5 , 7.0 , 7.0 , 84.0 , 13 , 18 , 150 , 86 , 106 , 30 , 16 , 8 , 396 , 51.6468779308 , 138 , 9.5777519979 , 8.0 , 23.5 , -22.0 , 3.8914305284 , 6.71728281893 , 5.40716716083 , 0.862467157316 , 12 , 614.34 , 1753.68 , 10.896 , 19.3293 , 0 
4.22314029628 , 6.00357656375 , 6.05126952309 , 6.31413136806 , 4.22314029628 , 5.13731003771 , 6.05126952309 , 6.31413136806 , 3.79129486816 , 4.57265476679 , 3.78827339732 , 7.84639972567 , 6.8380375061 , 5.86602594465 , 2.4387594572 , 4.57265476679 , 3.78827339732 , 6.40822660167 , 5.82190531201 , 5.86602594465 , 64.5641551149 , 40.0954046713 , 61.1078255899 , 107.66886506 , 38.8264221543 , 48.9822392252 , 35.6207800754 , 81.2166917941 , 67.385936876 , 56.5912350961 , 28.0921188658 , 48.9822392252 , 35.6207800754 , 69.3321816318 , 60.0734210642 , 56.5912350961 , 183.155569352 , 0.0384788613436 , 70.4986856363 , 150.42602811 , 195.905501056 , 237.651938134 , 203.230940163 , 20.9785323458 , 76.4600844642 , 89.2810463962 , -1 , -1 , -1 , 12.45 , -0.3 , 2.59 , 12 , 33.3333333333 , 41.6666666667 , 16.6666666667 , 8.33333333333 , 20.0 , 60.0 , 5 , 25.0 , 0.0 , 75.0 , 8 , 13 , 204 , 64 , 104 , 20 , 12 , 2 , 406 , 63.7149903869 , 130 , 8.07052249444 , 1.7 , 5.2 , 60.0 , 3.51944919508 , 5.89692808764 , 5.63360714844 , 0.925595638694 , 12 , 592.78 , 1287.42 , 8.88673 , 19.3737 , 1 
4.57326793027 , 5.90520333212 , 6.52295719359 , 6.92423548645 , 4.57326793027 , 5.23234205757 , 6.52295719359 , 6.92423548645 , 3.79129486816 , 3.78827339732 , 4.57265476679 , 6.8380375061 , 7.84639972567 , 5.86602594465 , 2.4387594572 , 3.78827339732 , 4.57265476679 , 5.82190531201 , 6.40822660167 , 5.86602594465 , 74.8871679094 , 43.4378099365 , 104.403029426 , 65.6514775376 , 39.939596088 , 34.5959535134 , 40.7888496453 , 66.5466241934 , 74.9385102499 , 51.6213511215 , 27.7729520904 , 34.5959535134 , 40.7888496453 , 58.1393126948 , 61.7855774626 , 51.6213511215 , 183.155569352 , 20.9168830644 , 221.531053113 , 132.632751259 , 195.905501056 , 237.651938134 , 14.7368315339 , 20.9785323458 , 76.4600844642 , 246.169699864 , -1 , -1 , 1 , 13.83 , -2.2 , 0.69 , 12 , 33.3333333333 , 33.3333333333 , 25.0 , 8.33333333333 , 20.0 , 60.0 , 5 , 14.0 , 7.0 , 78.0 , 14 , 19 , 196 , 82 , 124 , 28 , 16 , 4 , 450 , 64.2821903796 , 170 , 11.1654228163 , 1.7 , 5.2 , 2.0 , 4.58816502485 , 7.19818761336 , 5.67152013999 , 0.88729193765 , 12 , 732.23 , 1708.49 , 8.33267 , 19.3737 , 0 
4.59408906934 , 5.06277126791 , 5.13893214233 , 5.55805114612 , 4.09761238977 , 5.06277126791 , 4.90963397886 , 5.55805114612 , 9.13108711261 , 3.79129486816 , 3.78827339732 , 9.1601396845 , 8.38055209287 , 6.8380375061 , 8.50573654785 , 1.33168554055 , 4.5547801628 , 9.35327684238 , 8.38055209287 , 5.82190531201 , 99.515825348 , 23.8825582118 , 68.7509392881 , 91.5856399981 , 141.966083744 , 45.422997634 , 42.50826266 , 127.765984844 , 104.099824992 , 79.3657150308 , 136.158608515 , 13.5139969163 , 53.7461138463 , 139.403890062 , 104.099824992 , 67.2537316875 , 27.8223527621 , 164.165579266 , 20.9168830644 , 61.3102921062 , 195.905501056 , 165.518975676 , 237.651938134 , 20.9785323458 , 6.61422895147 , 76.4600844642 , -1 , 1 , -1 , 14.57 , -6.3 , -0.76 , 11 , 18.1818181818 , 45.4545454545 , 27.2727272727 , 9.09090909091 , 25.0 , 37.0 , 8 , 11.0 , 11.0 , 77.0 , 18 , 28 , 330 , 134 , 278 , 54 , 52 , 12 , 876 , 115.444358892 , 200 , 20.0033330556 , 17.2 , 26.4 , -11.2 , 1.85833023989 , 6.93898192396 , 4.95120110694 , 1.55872456578 , 11 , 1131.46 , 1627.88 , 12.0822 , 12.0822 , 0 
4.4705844045 , 5.47763251804 , 6.42093005397 , 7.2737725278 , 4.4705844045 , 4.92883490758 , 6.42093005397 , 7.2737725278 , 3.79129486816 , 3.78827339732 , 9.13108711261 , 6.8380375061 , 9.1601396845 , 8.38055209287 , 2.4387594572 , 3.78827339732 , 9.13108711261 , 5.82190531201 , 9.35327684238 , 8.38055209287 , 82.1725470118 , 46.1490205902 , 104.358593659 , 30.9288197904 , 43.3461228349 , 35.2853385459 , 99.2757095126 , 69.6395844961 , 90.7161137355 , 75.173617084 , 29.5638014237 , 35.2853385459 , 99.2757095126 , 60.0214559621 , 98.2450222943 , 75.173617084 , 183.155569352 , 20.9168830644 , 95.487992336 , 80.7408121262 , 195.905501056 , 237.651938134 , 14.7368315339 , 20.9785323458 , 76.4600844642 , 246.169699864 , -1 , -1 , 1 , 14.15 , -5.0 , -0.44 , 11 , 27.2727272727 , 36.3636363636 , 27.2727272727 , 9.09090909091 , 16.0 , 33.0 , 6 , 0.0 , 14.0 , 85.0 , 14 , 20 , 180 , 94 , 104 , 26 , 14 , 8 , 426 , 59.028806527 , 192 , 14.2314206365 , 0.0 , 15.5 , -22.0 , 4.64571072287 , 6.14148987448 , 5.38220014142 , 0.76020876148 , 11 , 814.09 , 1775.17 , 11.1712 , 15.5033 , 1 
4.51819299083 , 6.16698297691 , 6.4372730072 , 6.4904160679 , 4.51819299083 , 5.37826410567 , 6.4372730072 , 6.4904160679 , 3.79129486816 , 3.78827339732 , 4.57265476679 , 6.8380375061 , 7.84639972567 , 5.86602594465 , 2.4387594572 , 3.78827339732 , 4.57265476679 , 5.82190531201 , 6.40822660167 , 5.86602594465 , 68.276008885 , 42.2330794284 , 104.369727403 , 61.9578447119 , 37.7350783803 , 35.253830378 , 44.7803915473 , 65.6696261143 , 76.5711744929 , 53.968035797 , 26.7672674966 , 35.253830378 , 44.7803915473 , 58.2177370131 , 64.5636245685 , 53.968035797 , 183.155569352 , 20.9168830644 , 221.531053113 , 137.85138419 , 195.905501056 , 237.651938134 , 14.7368315339 , 20.9785323458 , 76.4600844642 , 246.169699864 , -1 , -1 , 1 , 12.45 , -0.3 , 2.59 , 12 , 33.3333333333 , 41.6666666667 , 16.6666666667 , 8.33333333333 , 0.0 , 75.0 , 4 , 18.0 , 9.0 , 72.0 , 11 , 15 , 150 , 66 , 92 , 20 , 12 , 2 , 342 , 49.1650282213 , 122 , 8.62940708662 , 1.7 , 5.2 , 0.8 , 4.17832114385 , 6.75421485996 , 5.69841210533 , 0.924668096825 , 12 , 628.02 , 1572.43 , 12.0822 , 19.3737 , 1 
4.44883370087 , 6.13080132496 , 6.34872691829 , 6.44030473262 , 4.44883370087 , 5.31725763368 , 6.34872691829 , 6.44030473262 , 3.79129486816 , 4.57265476679 , 3.78827339732 , 7.84639972567 , 6.8380375061 , 5.86602594465 , 2.4387594572 , 4.57265476679 , 3.78827339732 , 6.40822660167 , 5.82190531201 , 5.86602594465 , 67.08695203 , 41.1447117891 , 61.3651951479 , 105.685952333 , 37.9674440654 , 46.0721163657 , 35.0379897774 , 77.8930792965 , 65.8520892082 , 54.5977592465 , 27.0979388672 , 46.0721163657 , 35.0379897774 , 65.9506526306 , 58.4308067227 , 54.5977592465 , 183.155569352 , 0.0384788613436 , 70.4986856363 , 150.42602811 , 195.905501056 , 237.651938134 , 203.230940163 , 20.9785323458 , 76.4600844642 , 89.2810463962 , -1 , -1 , -1 , 12.45 , -0.3 , 2.59 , 12 , 33.3333333333 , 41.6666666667 , 16.6666666667 , 8.33333333333 , 0.0 , 75.0 , 4 , 18.0 , 9.0 , 72.0 , 11 , 15 , 176 , 74 , 98 , 24 , 12 , 2 , 386 , 56.4659189246 , 132 , 9.24481836851 , 1.7 , 5.2 , 60.0 , 3.89608576766 , 6.44356666542 , 5.66043535095 , 0.857767631676 , 12 , 653.56 , 1606.5 , 12.0822 , 19.3737 , 0 
4.50545718685 , 5.78047165393 , 6.34072090557 , 7.08286970616 , 4.50545718685 , 5.14915875041 , 6.34072090557 , 7.08286970616 , 3.79129486816 , 3.78827339732 , 4.57265476679 , 6.8380375061 , 7.84639972567 , 5.86602594465 , 2.4387594572 , 3.78827339732 , 4.57265476679 , 5.82190531201 , 6.40822660167 , 5.86602594465 , 77.2694469023 , 46.2177660906 , 102.569567111 , 68.1692538191 , 40.9525789516 , 36.1207442987 , 39.0611189415 , 68.505402133 , 74.4039952869 , 51.4619768233 , 28.2674477401 , 36.1207442987 , 39.0611189415 , 59.8229226395 , 60.772796716 , 51.4619768233 , 183.155569352 , 20.9168830644 , 221.531053113 , 92.0492912196 , 195.905501056 , 237.651938134 , 14.7368315339 , 20.9785323458 , 76.4600844642 , 246.169699864 , -1 , -1 , 1 , 16.38 , -6.6 , 0.01 , 12 , 25.0 , 41.6666666667 , 25.0 , 8.33333333333 , 16.0 , 50.0 , 6 , 7.0 , 15.0 , 76.0 , 13 , 19 , 176 , 92 , 116 , 30 , 16 , 8 , 438 , 59.1083750411 , 196 , 14.6674242229 , -6.8 , 8.7 , 2.0 , 4.63879421439 , 7.42134976942 , 5.5359855723 , 0.906501472546 , 12 , 645.47 , 1735.43 , 11.4921 , 15.5033 , 0 
4.61540966539 , 6.10921540145 , 6.44457603266 , 6.57261010963 , 4.5064942779 , 6.10921540145 , 6.44457603266 , 5.73261279799 , 3.78827339732 , 4.57265476679 , 3.79129486816 , 5.86602594465 , 6.8380375061 , 7.84639972567 , 2.42995406615 , 4.85729307417 , 3.6500189176 , 5.86602594465 , 5.82190531201 , 6.40822660167 , 64.3049271739 , 98.0085451062 , 60.93372238 , 46.7041846581 , 38.2712044993 , 45.1896697874 , 34.2875406809 , 55.6371723765 , 65.1386588008 , 74.1300834261 , 20.0464952628 , 48.8159266178 , 39.5341168328 , 55.6371723765 , 58.7939376584 , 63.1866480331 , 332.60114116 , 221.531053113 , 138.558716163 , 45.6989310342 , 195.905501056 , 14.7368315339 , 203.230940163 , 20.9785323458 , 246.169699864 , 89.2810463962 , -1 , 1 , -1 , 14.09 , 0.7 , 1.05 , 14 , 28.5714285714 , 42.8571428571 , 21.4285714286 , 7.14285714286 , 0.0 , 66.0 , 6 , 12.0 , 25.0 , 62.0 , 8 , 14 , 182 , 76 , 141 , 32 , 20 , 2 , 472 , 61.7413961617 , 176 , 15.6758838135 , -6.3 , 2.7 , 0.8 , 4.31106483472 , 6.88730899329 , 5.68606746737 , 1.08355153887 , 14 , 722.49 , 1282.02 , 17.7774 , 19.4009 , 1 
5.78532750525 , 6.21034313999 , 6.31064195909 , 6.79830767752 , 5.78532750525 , 6.21034313999 , 6.31064195909 , 6.42552765665 , 11.3632712517 , 6.01800039558 , 3.81307484193 , 11.7493781112 , 11.6321725068 , 5.01494143414 , 11.3632712517 , 6.01800039558 , 2.43886361387 , 11.7493781112 , 11.5390506145 , 5.46285299786 , 89.7002493568 , 76.3364538118 , 27.6616247947 , 43.8384374993 , 142.600944737 , 59.4833157574 , 34.0850389754 , 139.559462717 , 126.749805252 , 44.7924274567 , 142.600944737 , 59.4833157574 , 22.2547159657 , 139.559462717 , 131.894756803 , 50.7888092958 , 213.107473058 , 200.654424374 , 304.780332737 , 114.216307674 , 226.456627061 , 30.4744965933 , 216.262063468 , 318.860231544 , 1.23831500802 , 326.815567062 , -1 , 1 , -1 , -1.33 , 33.2 , 7.28 , 14 , 85.7142857143 , 14.2857142857 , 0.0 , 0.0 , 0.0 , 66.0 , 3 , 0.0 , 7.0 , 92.0 , 13 , 16 , 256 , 50 , 72 , 8 , 2 , 2 , 420 , 74.8972629673 , 224 , 26.1737782268 , 3.0 , 29.0 , 68.0 , 3.42974724282 , 7.55511514334 , 5.86518227034 , 1.09628529316 , 14 , 523.58 , 1099.19 , 16.3303 , 16.6426 , 0 
5.46792957027 , 6.10856649925 , 6.53657083631 , 6.57151675364 , 5.46792957027 , 6.10856649925 , 6.53657083631 , 6.16094538389 , 6.01800039558 , 11.3632712517 , 3.81307484193 , 11.7493781112 , 5.01494143414 , 11.6321725068 , 6.01800039558 , 11.3632712517 , 2.43886361387 , 11.7493781112 , 5.46285299786 , 11.5390506145 , 88.5121763384 , 25.6272802489 , 77.0380838746 , 44.4434329786 , 62.3542974196 , 142.221264599 , 35.449187726 , 136.582908989 , 46.4161502644 , 125.097499776 , 62.3542974196 , 142.221264599 , 23.2420791649 , 136.582908989 , 52.8750345415 , 130.64726734 , 109.021648288 , 211.136585899 , 178.268239207 , 85.0689603856 , 226.456627061 , 216.262063468 , 30.4744965933 , 318.860231544 , 326.815567062 , 1.23831500802 , -1 , -1 , 1 , -0.72 , 28.7 , 6.97 , 13 , 84.6153846154 , 15.3846153846 , 0.0 , 0.0 , 20.0 , 60.0 , 5 , 0.0 , 0.0 , 100.0 , 10 , 15 , 266 , 46 , 73 , 4 , 2 , 6 , 424 , 77.8986521064 , 222 , 26.5028300376 , 9.5 , 35.5 , 68.0 , 3.94476383854 , 7.55311346722 , 5.78687840211 , 1.11640713639 , 13 , 678.49 , 1085.07 , 14.8788 , 16.7598 , 0 
5.6702989443 , 6.19913088592 , 6.42040201436 , 6.73860034767 , 5.6702989443 , 6.19913088592 , 6.42040201436 , 6.33370303411 , 11.3632712517 , 6.01800039558 , 3.81307484193 , 11.7493781112 , 11.6321725068 , 5.01494143414 , 11.3632712517 , 6.01800039558 , 2.43886361387 , 11.7493781112 , 11.5390506145 , 5.46285299786 , 88.2507659047 , 76.2959121937 , 27.2237136176 , 42.369679286 , 146.380145441 , 59.3143834038 , 34.4444156817 , 137.19032255 , 128.028596072 , 44.7227217276 , 146.380145441 , 59.3143834038 , 22.5840030703 , 137.19032255 , 134.056114891 , 50.7165408756 , 213.107473058 , 200.654424374 , 304.780332737 , 114.216307674 , 226.456627061 , 30.4744965933 , 216.262063468 , 318.860231544 , 1.23831500802 , 326.815567062 , -1 , 1 , -1 , -1.65 , 36.0 , 8.41 , 15 , 86.6666666667 , 13.3333333333 , 0.0 , 0.0 , 0.0 , 75.0 , 4 , 0.0 , 9.0 , 90.0 , 11 , 15 , 252 , 30 , 70 , 4 , 2 , 2 , 388 , 73.9729680356 , 222 , 26.1890562386 , 9.5 , 35.5 , 68.0 , 3.77363456152 , 7.56698660346 , 6.01088285269 , 1.00138671881 , 15 , 676.08 , 1075.33 , 18.0289 , 18.0289 , 1 
5.57662023465 , 6.10858906654 , 6.50898718478 , 6.67240624979 , 5.57662023465 , 6.10858906654 , 6.50898718478 , 6.2731861608 , 6.01800039558 , 11.3632712517 , 3.81307484193 , 11.7493781112 , 5.01494143414 , 11.6321725068 , 6.01800039558 , 11.3632712517 , 2.43886361387 , 11.7493781112 , 5.46285299786 , 11.5390506145 , 88.8651697757 , 25.7815502584 , 76.4813765246 , 45.2158855961 , 61.7980196508 , 140.056924878 , 34.8389738279 , 137.219987111 , 45.9422416335 , 123.878625506 , 61.7980196508 , 140.056924878 , 22.7913369124 , 137.219987111 , 52.3404827247 , 129.033392027 , 109.021648288 , 211.136585899 , 178.268239207 , 85.0689603856 , 226.456627061 , 216.262063468 , 30.4744965933 , 318.860231544 , 326.815567062 , 1.23831500802 , -1 , -1 , 1 , -1.33 , 33.2 , 7.28 , 14 , 85.7142857143 , 14.2857142857 , 0.0 , 0.0 , 20.0 , 60.0 , 5 , 0.0 , 0.0 , 100.0 , 10 , 15 , 254 , 56 , 72 , 8 , 2 , 2 , 424 , 74.4150522408 , 216 , 25.6385126974 , 9.5 , 35.5 , 68.0 , 3.53043585936 , 7.28879469547 , 5.87143888463 , 1.11018438145 , 14 , 678.46 , 1083.0 , 16.3303 , 16.6426 , 0 
5.46436144471 , 6.10615979873 , 6.53977674798 , 6.5683531014 , 5.46436144471 , 6.10615979873 , 6.53977674798 , 6.15752751127 , 6.01800039558 , 11.3632712517 , 3.81307484193 , 11.7493781112 , 5.01494143414 , 11.6321725068 , 6.01800039558 , 11.3632712517 , 2.43886361387 , 11.7493781112 , 5.46285299786 , 11.5390506145 , 88.5077972612 , 25.6119528054 , 77.0544457462 , 44.4453725188 , 62.3891592006 , 142.229460509 , 35.4687379475 , 136.564010205 , 46.438356613 , 125.096858716 , 62.3891592006 , 142.229460509 , 23.2558647631 , 136.564010205 , 52.9021780201 , 130.65061433 , 109.021648288 , 211.136585899 , 178.268239207 , 85.0689603856 , 226.456627061 , 216.262063468 , 30.4744965933 , 318.860231544 , 326.815567062 , 1.23831500802 , -1 , -1 , 1 , -0.72 , 28.7 , 6.97 , 13 , 84.6153846154 , 15.3846153846 , 0.0 , 0.0 , 20.0 , 60.0 , 5 , 0.0 , 0.0 , 100.0 , 10 , 15 , 266 , 46 , 73 , 4 , 2 , 6 , 424 , 77.8986521064 , 222 , 26.5028300376 , 9.5 , 35.5 , 68.0 , 3.94476383854 , 7.55311346722 , 5.78687840211 , 1.11640713639 , 13 , 680.57 , 1085.54 , 14.8788 , 16.7598 , 1 
5.84356340782 , 6.40810276902 , 6.43554584572 , 6.76478849152 , 5.84356340782 , 6.40810276902 , 6.43554584572 , 5.35893181421 , 6.01800039558 , 11.3632712517 , 11.7101441578 , 11.7493781112 , 9.90196773213 , 9.18113041118 , 6.01800039558 , 11.3632712517 , 10.9395469445 , 11.7493781112 , 9.87303625715 , 6.69529544432 , 85.9135254477 , 24.5846896548 , 72.3826358383 , 17.7834948139 , 58.6223414038 , 135.407384583 , 136.362360927 , 132.35474984 , 97.437574741 , 88.1009022769 , 58.6223414038 , 135.407384583 , 155.099281845 , 132.35474984 , 113.780808672 , 68.4751010984 , 109.021648288 , 211.136585899 , 238.778995952 , 356.244278605 , 226.456627061 , 216.262063468 , 30.4744965933 , 318.860231544 , 326.815567062 , 1.23831500802 , -1 , -1 , 1 , -1.65 , 36.0 , 8.41 , 15 , 86.6666666667 , 13.3333333333 , 0.0 , 0.0 , 0.0 , 75.0 , 4 , 0.0 , 7.0 , 85.0 , 14 , 18 , 262 , 52 , 71 , 8 , 2 , 2 , 426 , 76.6302812209 , 196 , 22.4840684337 , 3.0 , 29.0 , 48.0 , 3.6595457031 , 7.77115467877 , 6.02169355453 , 1.16788575626 , 15 , 515.11 , 1088.03 , 18.0289 , 18.0289 , 0 
5.68248847939 , 6.28088243006 , 6.65119199944 , 6.80916886294 , 5.68248847939 , 6.28088243006 , 5.37329858921 , 6.80916886294 , 6.01800039558 , 11.7101441578 , 11.3632712517 , 9.90196773213 , 11.7493781112 , 9.18113041118 , 6.01800039558 , 10.9395469445 , 11.3632712517 , 9.87303625715 , 11.7493781112 , 6.69529544432 , 83.7554023566 , 21.8449941983 , 20.3806777751 , 71.5844094685 , 60.1548568619 , 143.289485368 , 130.705039156 , 99.8974434633 , 127.637840654 , 86.0053482227 , 60.1548568619 , 163.361921134 , 130.705039156 , 115.590635147 , 127.637840654 , 65.4442332159 , 109.021648288 , 152.411381845 , 235.69807703 , 244.251078416 , 226.456627061 , 216.262063468 , 228.331207847 , 318.860231544 , 326.815567062 , 216.896891465 , -1 , -1 , -1 , -1.04 , 31.5 , 8.1 , 14 , 85.7142857143 , 14.2857142857 , 0.0 , 0.0 , 0.0 , 80.0 , 5 , 0.0 , 7.0 , 92.0 , 13 , 18 , 358 , 62 , 95 , 12 , 6 , 2 , 562 , 104.847508316 , 262 , 36.7686460634 , 9.5 , 42.0 , 68.0 , 3.93876973846 , 7.02471798091 , 5.93865835609 , 1.24363371247 , 14 , 667.51 , 1235.65 , 16.7432 , 16.7432 , 1 
6.03934654334 , 6.14498069413 , 6.71497334239 , 6.77940989895 , 6.03934654334 , 6.14498069413 , 6.71497334239 , 6.63465901253 , 11.3632712517 , 6.01800039558 , 11.7101441578 , 11.7493781112 , 9.18113041118 , 9.90196773213 , 11.3632712517 , 6.01800039558 , 12.0699200879 , 11.7493781112 , 8.03577722254 , 10.6134142633 , 85.2181643288 , 70.8527893318 , 25.5931073783 , 17.0355868776 , 137.690311127 , 56.0058197313 , 131.906542701 , 131.976693559 , 90.3933293591 , 94.4079863037 , 137.690311127 , 56.0058197313 , 144.437215606 , 131.976693559 , 77.8183953774 , 105.3153896 , 213.107473058 , 200.654424374 , 152.411381845 , 328.72805155 , 226.456627061 , 30.4744965933 , 216.262063468 , 318.860231544 , 1.23831500802 , 326.815567062 , -1 , 1 , -1 , -1.65 , 36.0 , 8.41 , 15 , 86.6666666667 , 13.3333333333 , 0.0 , 0.0 , 0.0 , 66.0 , 3 , 0.0 , 7.0 , 85.0 , 14 , 17 , 304 , 40 , 79 , 6 , 2 , 0 , 464 , 89.0741264341 , 238 , 27.1575649375 , 3.0 , 35.5 , 48.0 , 3.5767112573 , 7.67722618909 , 5.96242840201 , 1.10499034545 , 15 , 512.33 , 1240.3 , 18.0289 , 18.0289 , 0 
5.81262073187 , 6.29898020683 , 6.65616044746 , 6.95327399468 , 5.81262073187 , 6.29898020683 , 6.65616044746 , 6.8324750883 , 11.3632712517 , 6.01800039558 , 11.7101441578 , 11.7493781112 , 9.18113041118 , 9.90196773213 , 11.3632712517 , 6.01800039558 , 12.0699200879 , 11.7493781112 , 8.03577722254 , 10.6134142633 , 83.9808552674 , 71.5438075886 , 24.4188075692 , 18.1902934734 , 139.473319507 , 57.2373356481 , 132.868903396 , 130.148155337 , 87.5582121283 , 93.3422267533 , 139.473319507 , 57.2373356481 , 145.187985568 , 130.148155337 , 75.3386215269 , 103.774899413 , 213.107473058 , 200.654424374 , 152.411381845 , 83.2385718184 , 226.456627061 , 30.4744965933 , 216.262063468 , 318.860231544 , 1.23831500802 , 326.815567062 , -1 , 1 , -1 , -1.65 , 36.0 , 8.41 , 15 , 86.6666666667 , 13.3333333333 , 0.0 , 0.0 , 0.0 , 75.0 , 4 , 0.0 , 7.0 , 84.0 , 13 , 17 , 240 , 44 , 65 , 8 , 2 , 2 , 390 , 70.0199971437 , 200 , 23.4478143971 , 3.0 , 35.5 , 48.0 , 4.66074641664 , 6.42029599894 , 5.97608604848 , 1.01738505893 , 15 , 513.33 , 1247.72 , 18.0289 , 18.0289 , 1 
5.8501497113 , 6.25704435613 , 6.63621557106 , 6.94021189493 , 5.8501497113 , 6.25704435613 , 6.63621557106 , 6.81461382432 , 11.3632712517 , 6.01800039558 , 11.7101441578 , 11.7493781112 , 9.18113041118 , 9.90196773213 , 11.3632712517 , 6.01800039558 , 12.0699200879 , 11.7493781112 , 8.03577722254 , 10.6134142633 , 84.7105548736 , 71.8350358183 , 24.9215253059 , 17.6824288258 , 139.596857046 , 57.2123229285 , 132.3824263 , 131.343453242 , 88.0046515194 , 93.6369049301 , 139.596857046 , 57.2123229285 , 144.633699687 , 131.343453242 , 75.7332090373 , 104.186311406 , 213.107473058 , 200.654424374 , 152.411381845 , 83.2385718184 , 226.456627061 , 30.4744965933 , 216.262063468 , 318.860231544 , 1.23831500802 , 326.815567062 , -1 , 1 , -1 , -1.65 , 36.0 , 8.41 , 15 , 86.6666666667 , 13.3333333333 , 0.0 , 0.0 , 0.0 , 66.0 , 3 , 0.0 , 7.0 , 84.0 , 13 , 16 , 240 , 44 , 65 , 8 , 2 , 2 , 390 , 70.0199971437 , 200 , 23.4478143971 , 3.0 , 29.0 , 48.0 , 3.76931054361 , 6.42029599894 , 5.97608604848 , 1.01738505893 , 15 , 501.22 , 1079.04 , 18.0289 , 18.0289 , 1 
5.16384514149 , 5.85148131649 , 6.59479261467 , 7.04484843234 , 5.16384514149 , 5.85148131649 , 6.09045857063 , 5.87805342599 , 6.01800039558 , 3.81307484193 , 11.7101441578 , 5.01494143414 , 9.90196773213 , 13.0684279685 , 6.01800039558 , 2.43886361387 , 10.9395469445 , 5.46285299786 , 9.87303625715 , 11.9009355391 , 84.215453105 , 19.9807639285 , 48.7946665244 , 21.9011654355 , 65.8870600502 , 35.2552079472 , 146.730769951 , 47.0549933489 , 99.9031353898 , 146.700625049 , 65.8870600502 , 23.2069964098 , 164.352490099 , 54.4008686309 , 114.645148358 , 167.815198102 , 109.021648288 , 304.780332737 , 85.0689603856 , 356.244278605 , 226.456627061 , 216.262063468 , 115.344670333 , 318.860231544 , 326.815567062 , 263.542949504 , -1 , -1 , 1 , -0.53 , 28.9 , 5.88 , 14 , 85.7142857143 , 7.14285714286 , 0.0 , 7.14285714286 , 14.0 , 71.0 , 7 , 0.0 , 0.0 , 100.0 , 11 , 18 , 284 , 84 , 52 , 10 , 2 , 6 , 452 , 83.8057277279 , 220 , 29.1524727367 , 17.0 , 43.0 , 68.0 , 3.93067135755 , 7.89617431956 , 5.80006049831 , 1.18915893186 , 14 , 761.0 , 1080.89 , 11.8741 , 14.6172 , 1 
5.4915643116 , 6.26455214165 , 6.40259497855 , 6.59490787405 , 5.4915643116 , 6.26455214165 , 6.40259497855 , 6.17586221132 , 6.01800039558 , 11.3632712517 , 3.81307484193 , 11.7493781112 , 5.01494143414 , 11.6321725068 , 6.01800039558 , 11.3632712517 , 2.43886361387 , 11.7493781112 , 5.46285299786 , 11.5390506145 , 87.9592141816 , 26.1968685362 , 76.9189358607 , 42.9781473758 , 61.1631231183 , 145.529424074 , 35.3061841685 , 136.108569485 , 45.8171884535 , 126.998894835 , 61.1631231183 , 145.529424074 , 23.1886734025 , 136.108569485 , 52.089722845 , 133.079952038 , 109.021648288 , 211.136585899 , 178.268239207 , 114.216307674 , 226.456627061 , 216.262063468 , 30.4744965933 , 318.860231544 , 326.815567062 , 1.23831500802 , -1 , -1 , 1 , -1.65 , 36.0 , 8.41 , 15 , 86.6666666667 , 13.3333333333 , 0.0 , 0.0 , 20.0 , 60.0 , 5 , 0.0 , 0.0 , 100.0 , 10 , 15 , 252 , 42 , 47 , 4 , 0 , 6 , 376 , 73.3321212021 , 214 , 25.4663176241 , 9.5 , 35.5 , 68.0 , 4.32838666368 , 7.33595691267 , 6.04348837183 , 0.940810887565 , 15 , 704.77 , 1111.51 , 18.0289 , 18.0289 , 0 
5.35777591288 , 6.10484665691 , 6.48930331217 , 6.59243082712 , 5.35777591288 , 6.10484665691 , 6.06206143285 , 6.59243082712 , 6.01800039558 , 3.81307484193 , 11.3632712517 , 5.01494143414 , 11.7493781112 , 11.6321725068 , 6.01800039558 , 2.43886361387 , 11.3632712517 , 5.46285299786 , 11.7493781112 , 11.5390506145 , 87.889348829 , 25.2215374476 , 43.9363316707 , 77.3460952592 , 62.9410237235 , 35.9704142665 , 143.7356583 , 46.8076773414 , 135.40659283 , 125.541929587 , 62.9410237235 , 23.6420451816 , 143.7356583 , 53.356740798 , 135.40659283 , 131.480315827 , 109.021648288 , 304.780332737 , 108.251736699 , 238.778995952 , 226.456627061 , 216.262063468 , 115.344670333 , 318.860231544 , 326.815567062 , 263.542949504 , -1 , -1 , 1 , -0.72 , 28.7 , 6.97 , 13 , 84.6153846154 , 15.3846153846 , 0.0 , 0.0 , 16.0 , 66.0 , 6 , 0.0 , 0.0 , 100.0 , 9 , 15 , 232 , 42 , 46 , 4 , 0 , 6 , 354 , 67.505555327 , 194 , 23.4549213031 , 9.5 , 35.5 , 68.0 , 4.28531650354 , 7.34669998275 , 5.85611451132 , 0.983073493496 , 13 , 678.73 , 1085.45 , 14.8788 , 16.7598 , 0 
5.687359007 , 6.16923794131 , 6.46445623993 , 6.76530976494 , 5.687359007 , 6.16923794131 , 6.46445623993 , 6.35630354297 , 11.3632712517 , 6.01800039558 , 3.81307484193 , 11.7493781112 , 11.6321725068 , 5.01494143414 , 11.3632712517 , 6.01800039558 , 2.43886361387 , 11.7493781112 , 11.5390506145 , 5.46285299786 , 87.9885673494 , 76.055805122 , 27.2454840566 , 42.1519333799 , 146.799755447 , 58.9568429003 , 34.2936821456 , 136.858309345 , 128.075852958 , 44.4791430834 , 146.799755447 , 58.9568429003 , 22.4937263188 , 136.858309345 , 134.211171533 , 50.4312427301 , 213.107473058 , 200.654424374 , 304.780332737 , 114.216307674 , 226.456627061 , 30.4744965933 , 216.262063468 , 318.860231544 , 1.23831500802 , 326.815567062 , -1 , 1 , -1 , -1.65 , 36.0 , 8.41 , 15 , 86.6666666667 , 13.3333333333 , 0.0 , 0.0 , 0.0 , 75.0 , 4 , 0.0 , 9.0 , 90.0 , 11 , 15 , 252 , 30 , 70 , 4 , 2 , 2 , 388 , 73.9729680356 , 222 , 26.1890562386 , 9.5 , 35.5 , 68.0 , 3.77363456152 , 7.56698660346 , 6.01088285269 , 1.00138671881 , 15 , 676.33 , 1079.82 , 18.0289 , 18.0289 , 0 
5.49180638302 , 6.26932625439 , 6.39705966655 , 6.59329547417 , 5.49180638302 , 6.26932625439 , 6.39705966655 , 6.17442489448 , 6.01800039558 , 11.3632712517 , 3.81307484193 , 11.7493781112 , 5.01494143414 , 11.6321725068 , 6.01800039558 , 11.3632712517 , 2.43886361387 , 11.7493781112 , 5.46285299786 , 11.5390506145 , 87.9660286253 , 26.2380034725 , 76.944562168 , 42.9086864761 , 61.1291673611 , 145.696560385 , 35.3154356511 , 136.126060099 , 45.8087051116 , 127.125265144 , 61.1291673611 , 145.696560385 , 23.1958159434 , 136.126060099 , 52.0738420805 , 133.226955114 , 109.021648288 , 211.136585899 , 178.268239207 , 114.216307674 , 226.456627061 , 216.262063468 , 30.4744965933 , 318.860231544 , 326.815567062 , 1.23831500802 , -1 , -1 , 1 , -1.65 , 36.0 , 8.41 , 15 , 86.6666666667 , 13.3333333333 , 0.0 , 0.0 , 20.0 , 60.0 , 5 , 0.0 , 0.0 , 100.0 , 10 , 15 , 252 , 42 , 47 , 4 , 0 , 6 , 376 , 73.3321212021 , 214 , 25.4663176241 , 9.5 , 35.5 , 68.0 , 4.32838666368 , 7.33595691267 , 6.04348837183 , 0.940810887565 , 15 , 695.85 , 1099.44 , 18.0289 , 18.0289 , 0 
5.52632887824 , 6.24774319655 , 6.34325578599 , 6.52833443971 , 5.52632887824 , 6.24774319655 , 6.34325578599 , 6.13338647777 , 11.3632712517 , 6.01800039558 , 3.81307484193 , 11.7493781112 , 11.6321725068 , 5.01494143414 , 11.3632712517 , 6.01800039558 , 2.43886361387 , 11.7493781112 , 11.5390506145 , 5.46285299786 , 89.0966844972 , 78.1846681881 , 27.7814182966 , 41.2986653548 , 149.582238025 , 60.4651197198 , 35.6677749313 , 137.863524529 , 131.126843293 , 45.8328529298 , 149.582238025 , 60.4651197198 , 23.4087337843 , 137.863524529 , 137.491468139 , 51.8998030936 , 213.107473058 , 200.654424374 , 304.780332737 , 155.688593932 , 226.456627061 , 30.4744965933 , 216.262063468 , 318.860231544 , 1.23831500802 , 326.815567062 , -1 , 1 , -1 , -0.78 , 29.4 , 6.72 , 13 , 84.6153846154 , 15.3846153846 , 0.0 , 0.0 , 25.0 , 50.0 , 4 , 0.0 , 0.0 , 100.0 , 9 , 13 , 236 , 42 , 48 , 4 , 0 , 6 , 362 , 68.6527493987 , 200 , 23.9318476791 , 9.0 , 32.5 , 68.0 , 3.97762201727 , 7.4734637327 , 5.83715541983 , 1.02391018416 , 13 , 517.92 , 962.37 , 16.3303 , 18.2613 , 0 
5.41190998146 , 6.4356060822 , 6.46345970138 , 6.6805409048 , 5.41190998146 , 6.4356060822 , 6.46345970138 , 6.19776293135 , 11.3632712517 , 6.01800039558 , 3.81307484193 , 11.7493781112 , 11.6321725068 , 5.01494143414 , 11.3632712517 , 6.01800039558 , 2.43886361387 , 11.7493781112 , 11.5390506145 , 5.46285299786 , 84.7098388657 , 75.2562166119 , 24.7407211512 , 42.165110823 , 146.997216266 , 60.1237224485 , 34.796665636 , 131.251724015 , 124.951909683 , 44.8201334405 , 146.997216266 , 60.1237224485 , 22.9949294615 , 131.251724015 , 131.943996083 , 51.0681238919 , 213.107473058 , 200.654424374 , 304.780332737 , 85.0689603856 , 226.456627061 , 30.4744965933 , 216.262063468 , 318.860231544 , 1.23831500802 , 326.815567062 , -1 , 1 , -1 , -1.65 , 36.0 , 8.41 , 15 , 86.6666666667 , 13.3333333333 , 0.0 , 0.0 , 14.0 , 71.0 , 7 , 0.0 , 0.0 , 100.0 , 8 , 15 , 264 , 42 , 47 , 4 , 0 , 6 , 388 , 76.8466004453 , 226 , 27.0 , 9.5 , 35.5 , 68.0 , 4.97120593496 , 6.41499591433 , 6.03678684877 , 0.905168526854 , 15 , 700.59 , 1113.86 , 18.0289 , 18.0289 , 1 
5.78001341547 , 6.34326147397 , 6.37600610385 , 6.93278908267 , 5.78001341547 , 6.34326147397 , 6.37600610385 , 5.50455298942 , 6.01800039558 , 11.3632712517 , 11.7101441578 , 11.7493781112 , 9.90196773213 , 9.18113041118 , 6.01800039558 , 11.3632712517 , 10.9395469445 , 11.7493781112 , 9.87303625715 , 6.69529544432 , 87.2313541094 , 25.5214169623 , 73.9724916835 , 16.9500595239 , 59.3073039047 , 138.334614763 , 133.983298298 , 134.960004977 , 96.3635600228 , 87.1317369894 , 59.3073039047 , 138.334614763 , 151.582104445 , 134.960004977 , 112.691598019 , 68.1483554239 , 109.021648288 , 211.136585899 , 238.778995952 , 83.2385718184 , 226.456627061 , 216.262063468 , 30.4744965933 , 318.860231544 , 326.815567062 , 1.23831500802 , -1 , -1 , 1 , -1.65 , 36.0 , 8.41 , 15 , 86.6666666667 , 13.3333333333 , 0.0 , 0.0 , 0.0 , 66.0 , 3 , 0.0 , 6.0 , 86.0 , 15 , 18 , 292 , 56 , 74 , 8 , 2 , 2 , 464 , 85.3604123701 , 204 , 23.9541228184 , 3.0 , 29.0 , 68.0 , 3.74094547784 , 7.42860958162 , 6.01030257295 , 1.09004057739 , 15 , 508.3 , 1066.24 , 18.0289 , 18.0289 , 0 
5.6233109144 , 6.32688049886 , 6.39677861771 , 6.79909979895 , 5.6233109144 , 6.32688049886 , 6.39677861771 , 6.36827057293 , 6.01800039558 , 11.3632712517 , 3.81307484193 , 11.7493781112 , 5.01494143414 , 11.6321725068 , 6.01800039558 , 11.3632712517 , 2.43886361387 , 11.7493781112 , 5.46285299786 , 11.5390506145 , 87.0468941668 , 25.4977958465 , 75.0876226827 , 44.2015294106 , 60.1331505591 , 141.860952065 , 34.1125159851 , 134.864148622 , 44.7430769408 , 123.619234682 , 60.1331505591 , 141.860952065 , 22.376817115 , 134.864148622 , 50.9732180383 , 129.36610638 , 109.021648288 , 211.136585899 , 178.268239207 , 85.0689603856 , 226.456627061 , 216.262063468 , 30.4744965933 , 318.860231544 , 326.815567062 , 1.23831500802 , -1 , -1 , 1 , -1.65 , 36.0 , 8.41 , 15 , 86.6666666667 , 13.3333333333 , 0.0 , 0.0 , 20.0 , 60.0 , 5 , 0.0 , 0.0 , 100.0 , 10 , 15 , 232 , 48 , 62 , 8 , 2 , 2 , 382 , 67.6904720031 , 200 , 23.9318476791 , 9.5 , 35.5 , 68.0 , 3.93931026656 , 7.27163316576 , 5.98996189991 , 0.933256059409 , 15 , 701.52 , 1104.88 , 18.0289 , 18.0289 , 0 
5.59502027681 , 5.95166511236 , 6.72151244228 , 6.74535415022 , 5.59502027681 , 5.95166511236 , 6.72151244228 , 6.34310152221 , 6.01800039558 , 11.3632712517 , 3.81307484193 , 11.7493781112 , 5.01494143414 , 11.6321725068 , 6.01800039558 , 11.3632712517 , 2.43886361387 , 11.7493781112 , 5.46285299786 , 11.5390506145 , 88.7319781908 , 24.5157675759 , 75.7354476512 , 47.6576446042 , 62.7343950305 , 134.417569195 , 34.4210899069 , 135.890446772 , 46.0031255867 , 119.48325987 , 62.7343950305 , 134.417569195 , 22.469252347 , 135.890446772 , 52.6428135502 , 124.043275234 , 109.021648288 , 211.136585899 , 178.268239207 , 85.0689603856 , 226.456627061 , 216.262063468 , 30.4744965933 , 318.860231544 , 326.815567062 , 1.23831500802 , -1 , -1 , 1 , -0.66 , 28.0 , 7.22 , 13 , 84.6153846154 , 15.3846153846 , 0.0 , 0.0 , 16.0 , 66.0 , 6 , 0.0 , 0.0 , 100.0 , 11 , 17 , 286 , 64 , 76 , 8 , 2 , 2 , 466 , 83.9023241633 , 172 , 21.0253814868 , 17.0 , 43.0 , 68.0 , 3.67508910461 , 6.7680319177 , 5.72607748402 , 1.12752297856 , 13 , 761.74 , 1074.77 , 13.1633 , 14.8773 , 0 
5.58340710869 , 6.26742035348 , 6.59068884763 , 6.86985974475 , 5.58340710869 , 6.26742035348 , 6.59068884763 , 6.41064528503 , 6.01800039558 , 11.3632712517 , 3.81307484193 , 11.7493781112 , 5.01494143414 , 11.6321725068 , 6.01800039558 , 11.3632712517 , 2.43886361387 , 11.7493781112 , 5.46285299786 , 11.5390506145 , 85.6606580369 , 23.7957665563 , 73.9299556508 , 45.8267836972 , 60.7110801926 , 137.789946609 , 33.6906202261 , 132.047711518 , 44.589119724 , 119.561269792 , 60.7110801926 , 137.789946609 , 22.1088815341 , 132.047711518 , 51.0328054489 , 125.122826488 , 109.021648288 , 211.136585899 , 178.268239207 , 85.0689603856 , 226.456627061 , 216.262063468 , 30.4744965933 , 318.860231544 , 326.815567062 , 1.23831500802 , -1 , -1 , 1 , -2.2 , 39.8 , 8.97 , 16 , 87.5 , 12.5 , 0.0 , 0.0 , 16.0 , 66.0 , 6 , 0.0 , 0.0 , 100.0 , 9 , 15 , 308 , 60 , 76 , 8 , 2 , 2 , 486 , 90.0777441991 , 214 , 25.1290005107 , 9.5 , 35.5 , 68.0 , 4.63648411589 , 6.9351612469 , 6.08282428746 , 1.08501644958 , 16 , 699.93 , 1101.72 , 18.0289 , 18.0289 , 0 
5.55284023322 , 6.28273422627 , 6.41367046278 , 6.69753754452 , 5.55284023322 , 6.28273422627 , 6.41367046278 , 6.27179603499 , 6.01800039558 , 11.3632712517 , 3.81307484193 , 11.7493781112 , 5.01494143414 , 11.6321725068 , 6.01800039558 , 11.3632712517 , 2.43886361387 , 11.7493781112 , 5.46285299786 , 11.5390506145 , 87.4721589885 , 25.7319993775 , 75.9602483436 , 43.7444984775 , 60.7524678876 , 143.36157549 , 34.7002096996 , 135.457984412 , 45.3152819803 , 125.031262435 , 60.7524678876 , 143.36157549 , 22.7760575155 , 135.457984412 , 51.5870450273 , 130.904608818 , 109.021648288 , 211.136585899 , 178.268239207 , 85.0689603856 , 226.456627061 , 216.262063468 , 30.4744965933 , 318.860231544 , 326.815567062 , 1.23831500802 , -1 , -1 , 1 , -1.65 , 36.0 , 8.41 , 15 , 86.6666666667 , 13.3333333333 , 0.0 , 0.0 , 20.0 , 60.0 , 5 , 0.0 , 0.0 , 100.0 , 10 , 15 , 234 , 38 , 67 , 4 , 2 , 6 , 378 , 68.4572859526 , 202 , 23.8425390147 , 9.5 , 35.5 , 68.0 , 4.05785484749 , 7.38611277597 , 6.01355485207 , 0.938748020951 , 15 , 715.86 , 1117.18 , 18.0289 , 18.0289 , 0 
5.50560126834 , 5.97222127203 , 6.6519319321 , 6.70083069241 , 5.50560126834 , 5.97222127203 , 6.24215159877 , 6.70083069241 , 6.01800039558 , 3.81307484193 , 11.3632712517 , 5.01494143414 , 11.7493781112 , 11.6321725068 , 6.01800039558 , 2.43886361387 , 11.3632712517 , 5.46285299786 , 11.7493781112 , 11.5390506145 , 88.5218220993 , 24.573165311 , 46.6798880066 , 76.2833636303 , 63.090198866 , 34.971511182 , 136.941741162 , 46.4266618802 , 135.902221048 , 121.183158703 , 63.090198866 , 22.8750063274 , 136.941741162 , 53.0784942584 , 135.902221048 , 126.09555855 , 109.021648288 , 304.780332737 , 108.251736699 , 238.778995952 , 226.456627061 , 216.262063468 , 115.344670333 , 318.860231544 , 326.815567062 , 263.542949504 , -1 , -1 , 1 , -0.66 , 28.0 , 7.22 , 13 , 84.6153846154 , 15.3846153846 , 0.0 , 0.0 , 16.0 , 66.0 , 6 , 0.0 , 0.0 , 100.0 , 11 , 17 , 266 , 72 , 72 , 8 , 2 , 6 , 454 , 78.0935336632 , 198 , 24.4172070475 , 17.0 , 43.0 , 68.0 , 3.90538151767 , 6.74661983426 , 5.70083820136 , 1.03349511769 , 13 , 795.97 , 1110.09 , 13.1633 , 16.1983 , 0 
5.56904449744 , 6.29997198293 , 6.36537521613 , 6.66977142882 , 5.56904449744 , 6.29997198293 , 6.36537521613 , 6.25126306812 , 11.3632712517 , 6.01800039558 , 3.81307484193 , 11.7493781112 , 11.6321725068 , 5.01494143414 , 11.3632712517 , 6.01800039558 , 2.43886361387 , 11.7493781112 , 11.5390506145 , 5.46285299786 , 87.782348793 , 76.481943342 , 26.5940238458 , 42.5012409869 , 146.362008694 , 60.1241528071 , 34.85588376 , 136.151133883 , 127.476278538 , 45.1782362238 , 146.362008694 , 60.1241528071 , 22.8894239635 , 136.151133883 , 133.663798296 , 51.3049134626 , 213.107473058 , 200.654424374 , 304.780332737 , 114.216307674 , 226.456627061 , 30.4744965933 , 216.262063468 , 318.860231544 , 1.23831500802 , 326.815567062 , -1 , 1 , -1 , -1.65 , 36.0 , 8.41 , 15 , 86.6666666667 , 13.3333333333 , 0.0 , 0.0 , 20.0 , 60.0 , 5 , 0.0 , 0.0 , 100.0 , 10 , 15 , 252 , 42 , 69 , 4 , 2 , 6 , 402 , 73.7061734185 , 214 , 25.4663176241 , 9.5 , 35.5 , 68.0 , 4.14078113465 , 7.42048212458 , 6.02929784427 , 0.956765809556 , 15 , 727.99 , 1136.25 , 18.0289 , 18.0289 , 0 
5.34509518723 , 6.25103219355 , 6.69739428165 , 6.71479383471 , 5.34509518723 , 6.25103219355 , 6.20224242989 , 6.71479383471 , 6.01800039558 , 3.81307484193 , 11.3632712517 , 5.01494143414 , 11.7493781112 , 11.6321725068 , 6.01800039558 , 2.43886361387 , 11.3632712517 , 5.46285299786 , 11.7493781112 , 11.5390506145 , 84.2361880701 , 22.8048384648 , 44.9072830758 , 74.6189887773 , 61.9448197776 , 34.6676223669 , 140.595907454 , 45.4108586239 , 129.931241989 , 120.288962857 , 61.9448197776 , 22.8726654474 , 140.595907454 , 52.0360478369 , 129.931241989 , 126.541526575 , 109.021648288 , 304.780332737 , 108.251736699 , 238.778995952 , 226.456627061 , 216.262063468 , 115.344670333 , 318.860231544 , 326.815567062 , 263.542949504 , -1 , -1 , 1 , -2.2 , 39.8 , 8.97 , 16 , 87.5 , 12.5 , 0.0 , 0.0 , 12.0 , 75.0 , 8 , 0.0 , 0.0 , 100.0 , 7 , 15 , 242 , 44 , 41 , 4 , 0 , 6 , 360 , 70.4144871458 , 202 , 25.381095327 , 9.5 , 35.5 , 68.0 , 4.36516466768 , 6.78128220868 , 6.0767946574 , 0.90365733594 , 16 , 708.76 , 1116.94 , 18.0289 , 18.0289 , 0 
4.01146508753 , 5.5252322499 , 6.48668787357 , 6.51545004761 , 4.01146508753 , 5.5252322499 , 5.63420506225 , 6.51545004761 , 7.49783467767 , 3.79067754339 , 3.84480190735 , 10.2452517241 , 10.560803985 , 5.70818075657 , 7.49783467767 , 2.43247748262 , 3.84480190735 , 9.41135115847 , 10.560803985 , 4.48201112065 , 63.0733106406 , 47.0321959457 , 47.5834175442 , 154.575932254 , 102.504006825 , 32.6885327865 , 33.1594261988 , 116.836325496 , 122.374028983 , 52.081991243 , 102.504006825 , 21.9734760289 , 33.1594261988 , 114.988438434 , 122.374028983 , 42.5266282542 , 193.777599189 , 173.86662317 , 35.1250592394 , 239.107969129 , 231.489624748 , 357.740027796 , 331.718416007 , 336.527959285 , 225.463142185 , 6.90565236226 , -1 , -1 , -1 , 16.76 , -16.7 , -2.01 , 8 , 25.0 , 50.0 , 12.5 , 12.5 , 37.0 , 50.0 , 8 , 33.0 , 0.0 , 66.0 , 6 , 14 , 102 , 92 , 90 , 38 , 18 , 16 , 356 , 40.4004950465 , 40 , 5.19615242271 , 21.2 , 44.8 , 89.6 , 1.83133090228 , 4.63128316349 , 4.48888057208 , 1.42894518647 , 8 , 682.56 , 805.19 , 31.0089 , 31.0089 , 0 
3.71836824495 , 5.01814487629 , 6.53904053469 , 6.85542349586 , 3.71836824495 , 4.45242238661 , 6.53904053469 , 6.85542349586 , 3.79583663375 , 3.81262175871 , 5.91802213379 , 6.39627692874 , 7.2916938538 , 3.73511357467 , 2.45478537767 , 3.81262175871 , 5.91802213379 , 5.4366394606 , 6.93884938643 , 3.73511357467 , 79.6564841356 , 29.5358921375 , 137.668502998 , 114.821392874 , 48.7626841436 , 30.1524066916 , 59.598038368 , 65.6791853691 , 73.9609008952 , 32.2734441927 , 33.4587428325 , 30.1524066916 , 59.598038368 , 55.4465903312 , 72.1885229081 , 32.2734441927 , 234.64260005 , 43.6368449727 , 27.2939951788 , 212.375689728 , 329.534408585 , 6.53475200164 , 252.725220959 , 5.64383484826 , 0.4341515951 , 307.139795254 , -1 , 1 , -1 , 15.93 , -17.8 , -3.11 , 7 , 42.8571428571 , 0.0 , 42.8571428571 , 14.2857142857 , 33.0 , 33.0 , 6 , 12.0 , 25.0 , 62.0 , 8 , 17 , 82 , 80 , 72 , 28 , 12 , 18 , 292 , 33.2174652856 , 44 , 4.8304589154 , 28 , 41.0 , 82.0 , 0.841206987289 , 6.53487807236 , 3.21984286796 , 1.61728723831 , 7 , 613.34 , 1068.28 , 8.54213 , 13.6504 , 0 
4.23581489377 , 4.24052590296 , 6.20593691791 , 6.64529091977 , 2.32657864998 , 4.24052590296 , 6.20593691791 , 6.55987798598 , 3.81262175871 , 10.0825322132 , 9.25023915892 , 8.29227703811 , 9.67813837544 , 6.22818351441 , 4.30778564298 , 8.24854530232 , 7.40749000568 , 8.29227703811 , 9.24066603172 , 5.13320165028 , 12.2353942962 , 76.0071763378 , 71.0755593699 , 17.5192460734 , 53.4611206845 , 149.290305341 , 114.633334983 , 103.47676587 , 124.010824449 , 57.8563255546 , 75.8070495797 , 146.613731712 , 102.152823378 , 103.47676587 , 115.985354645 , 47.319265961 , 9.86749207873 , 185.357368886 , 116.75474012 , 351.268967056 , 329.534408585 , 252.725220959 , 9.7125214373 , 5.64383484826 , 307.139795254 , 241.091196414 , -1 , -1 , 1 , 18.03 , -23.1 , -2.57 , 8 , 25.0 , 25.0 , 37.5 , 12.5 , 0.0 , 100.0 , 6 , 44.0 , 22.0 , 33.0 , 9 , 19 , 210 , 128 , 78 , 26 , 6 , 16 , 464 , 67.8291972531 , 210 , 1.67332005307 , 16.5 , 12.5 , -52.0 , 2.40372184866 , 6.18828720443 , 4.9087506531 , 1.45975935565 , 8 , 665.33 , 1241.43 , 15.4793 , 16.6959 , 0 
4.30754415972 , 6.98857503735 , 7.0666652327 , 7.18366523758 , 4.30754415972 , 6.98857503735 , 6.15792307862 , 7.18366523758 , 3.76888934511 , 3.84480190735 , 5.49039846136 , 5.3934008032 , 8.7114387304 , 6.81234960009 , 3.76888934511 , 2.47326051285 , 5.49039846136 , 4.1836481596 , 8.7114387304 , 6.25587874284 , 58.7722486352 , 147.501772764 , 72.3268910345 , 77.9485690421 , 27.9375101325 , 28.087294832 , 49.7157306163 , 45.125436823 , 75.8438815345 , 57.1089551803 , 27.9375101325 , 18.3346528334 , 49.7157306163 , 36.4225378014 , 75.8438815345 , 55.2817037821 , 31.3828485791 , 206.716518059 , 89.6452714219 , 147.175712621 , 309.966780594 , 192.330778086 , 231.489624748 , 285.173166073 , 238.397865044 , 336.527959285 , -1 , -1 , -1 , 15.42 , -10.8 , -1.38 , 7 , 42.8571428571 , 28.5714285714 , 0.0 , 28.5714285714 , 25.0 , 75.0 , 4 , 25.0 , 50.0 , 25.0 , 4 , 8 , 42 , 40 , 34 , 14 , 4 , 6 , 140 , 16.7570880525 , 18 , 2.51661147842 , 8 , 40 , 160 , 0.0822091719224 , 4.45613809528 , 3.94553330709 , 2.13303261022 , 7 , 522.22 , 743.95 , 21.7074 , 21.7074 , 0 
6.05230976294 , 6.47305689006 , 6.48598061039 , 7.23846238755 , 5.70440051835 , 6.47305689006 , 6.48598061039 , 7.23846238755 , 5.91802213379 , 7.2916938538 , 3.81465768411 , 3.79583663375 , 8.52206005275 , 10.5755348487 , 4.2723450598 , 6.70775071203 , 4.29240659942 , 3.79583663375 , 8.52206005275 , 10.5755348487 , 77.6231560488 , 108.384537674 , 54.5771346083 , 95.3318588991 , 56.2703626826 , 71.0238200946 , 31.7906024912 , 34.064367959 , 76.6294073253 , 100.665913638 , 40.4619053346 , 66.4088906413 , 36.3521700615 , 34.064367959 , 76.6294073253 , 100.665913638 , 232.364085553 , 234.64260005 , 64.2238677399 , 73.8452431683 , 104.8664398 , 329.534408585 , 6.53475200164 , 232.550618773 , 5.64383484826 , 0.4341515951 , 1 , -1 , 1 , 18.16 , -19.4 , -2.66 , 8 , 50.0 , 0.0 , 37.5 , 12.5 , 50.0 , 50.0 , 2 , 25.0 , 25.0 , 50.0 , 8 , 12 , 60 , 56 , 68 , 26 , 14 , 6 , 230 , 26.4159043003 , 62 , 2.20605228104 , -7.0 , 13.5 , 82.0 , 4.16164539526 , 5.01401100875 , 3.86486806283 , 1.61480181594 , 8 , 624.83 , 887.89 , 5.4276 , 5.4276 , 0 
4.06500841507 , 6.09021054644 , 7.48237754829 , 8.19270378428 , 4.06500841507 , 6.09021054644 , 6.11229641135 , 8.19270378428 , 3.81262175871 , 3.79583663375 , 9.25023915892 , 6.39627692874 , 9.67813837544 , 11.4743744444 , 3.81262175871 , 2.45478537767 , 9.25023915892 , 5.4366394606 , 9.67813837544 , 10.2190586871 , 20.5739059994 , 104.570171444 , 44.6695024138 , 28.6635426763 , 37.8838961601 , 17.2301177877 , 91.6537539574 , 55.0848538209 , 83.9343306395 , 94.0012321685 , 37.8838961601 , 15.6172173233 , 91.6537539574 , 52.9147218624 , 83.9343306395 , 89.970593505 , 9.86749207873 , 237.973989459 , 340.31346272 , 78.6282974538 , 329.534408585 , 252.725220959 , 6.53475200164 , 5.64383484826 , 307.139795254 , 0.4341515951 , -1 , -1 , 1 , 13.92 , -16.4 , -1.19 , 6 , 33.3333333333 , 16.6666666667 , 33.3333333333 , 16.6666666667 , 0.0 , 50.0 , 2 , 25.0 , 0.0 , 75.0 , 4 , 9 , 38 , 22 , 40 , 8 , 8 , 2 , 118 , 15.0797877969 , 32 , 2.22111083319 , 24 , 19.0 , 28.0 , 2.31663533827 , 9.16165142883 , 4.35668239203 , 2.53063118514 , 6 , 452.43 , 790.21 , 34.6284 , 34.6284 , 0 
5.98061912325 , 6.24317177551 , 6.35154139964 , 7.19145916707 , 5.54012895761 , 6.24317177551 , 6.35154139964 , 7.19145916707 , 5.91802213379 , 7.2916938538 , 3.81465768411 , 3.79583663375 , 8.52206005275 , 10.5755348487 , 4.2723450598 , 6.70775071203 , 4.29240659942 , 3.79583663375 , 8.52206005275 , 10.5755348487 , 79.7742684242 , 106.762235594 , 53.2312075702 , 96.1623141664 , 57.8644361516 , 72.4242503344 , 32.0185551753 , 35.067992928 , 78.3915493558 , 102.506561958 , 41.9881917297 , 68.2828034356 , 36.5827797063 , 35.067992928 , 78.3915493558 , 102.506561958 , 232.364085553 , 234.64260005 , 64.2238677399 , 73.8452431683 , 104.8664398 , 329.534408585 , 6.53475200164 , 232.550618773 , 5.64383484826 , 0.4341515951 , 1 , -1 , 1 , 18.16 , -19.4 , -2.66 , 8 , 50.0 , 0.0 , 37.5 , 12.5 , 33.0 , 66.0 , 3 , 25.0 , 25.0 , 50.0 , 8 , 13 , 60 , 70 , 68 , 32 , 14 , 16 , 260 , 28.0 , 62 , 2.20605228104 , 1.0 , 21.5 , 82.0 , 2.36115587865 , 4.92625964931 , 3.61780034037 , 1.69559941475 , 8 , 766.01 , 885.63 , 5.4276 , 5.4276 , 0 
3.81965085773 , 5.44603894747 , 7.40765912205 , 7.64299761133 , 2.80089103256 , 5.44603894747 , 6.07264699762 , 7.64299761133 , 3.81262175871 , 3.79583663375 , 5.91802213379 , 6.39627692874 , 3.73511357467 , 7.2916938538 , 4.30778564298 , 4.29746626859 , 7.34011363281 , 5.4366394606 , 3.73511357467 , 6.93884938643 , 20.0020335721 , 99.9111848102 , 47.1004789868 , 153.092825959 , 44.4233916891 , 13.373661916 , 49.4189989982 , 57.2736566325 , 27.0771288903 , 57.931092803 , 51.6056715489 , 39.486852154 , 73.1882433796 , 56.0081277878 , 27.0771288903 , 59.4771904405 , 9.86749207873 , 237.973989459 , 66.3718855373 , 27.7561200317 , 329.534408585 , 252.725220959 , 6.53475200164 , 5.64383484826 , 307.139795254 , 0.4341515951 , -1 , -1 , 1 , 13.24 , -15.1 , -2.13 , 5 , 40.0 , 0.0 , 40.0 , 20.0 , 0.0 , 66.0 , 3 , 0.0 , 50.0 , 50.0 , 6 , 14 , 78 , 42 , 42 , 12 , 6 , 4 , 184 , 25.3456110599 , 50 , 1.59164485151 , 11.0 , 14.0 , 12.0 , 3.40343382369 , 4.54171326887 , 3.38591349516 , 1.57865488831 , 5 , 803.05 , 902.78 , 16.2001 , 16.6959 , 1 
3.75453830561 , 5.49901667584 , 7.3225555509 , 7.76944518578 , 3.75453830561 , 5.49901667584 , 5.97441759065 , 7.76944518578 , 3.81262175871 , 3.79583663375 , 5.91802213379 , 6.39627692874 , 3.73511357467 , 7.2916938538 , 3.81262175871 , 2.45478537767 , 5.91802213379 , 5.4366394606 , 3.73511357467 , 6.93884938643 , 19.2178600444 , 101.392744732 , 46.684794413 , 154.214943791 , 43.8073241289 , 14.1896401199 , 47.4693564048 , 57.7729720035 , 26.2259546474 , 57.6914544547 , 43.8073241289 , 12.7030734813 , 47.4693564048 , 56.3851439774 , 26.2259546474 , 58.9306148207 , 9.86749207873 , 237.973989459 , 66.3718855373 , 137.770007248 , 329.534408585 , 252.725220959 , 6.53475200164 , 5.64383484826 , 307.139795254 , 0.4341515951 , -1 , -1 , 1 , 13.24 , -15.1 , -2.13 , 5 , 40.0 , 0.0 , 40.0 , 20.0 , 0.0 , 66.0 , 3 , 16.0 , 50.0 , 33.0 , 6 , 14 , 78 , 42 , 42 , 12 , 6 , 4 , 184 , 25.3456110599 , 50 , 1.59164485151 , 11.0 , 26.0 , 12.0 , 3.40343382369 , 4.54171326887 , 3.38591349516 , 1.57865488831 , 5 , 805.36 , 1000.99 , 16.2001 , 16.6959 , 0 
4.0431180395 , 6.02224907547 , 6.26338826064 , 6.50496426028 , 4.0431180395 , 6.02224907547 , 5.43707955042 , 6.50496426028 , 3.84480190735 , 3.79067754339 , 6.81234960009 , 5.70818075657 , 5.49039846136 , 10.1760152123 , 3.84480190735 , 2.43247748262 , 6.81234960009 , 4.48201112065 , 5.49039846136 , 8.80474577705 , 65.3887872886 , 148.054649672 , 39.0984136542 , 107.367892287 , 39.0245708877 , 35.5488705135 , 76.5292667124 , 55.3294627495 , 51.8131469475 , 105.668217579 , 39.0245708877 , 24.5477843776 , 76.5292667124 , 45.6952980319 , 51.8131469475 , 94.5790363123 , 357.0909769 , 45.5598198363 , 351.342205719 , 305.388201281 , 231.489624748 , 309.966780594 , 331.718416007 , 336.527959285 , 285.173166073 , 6.90565236226 , -1 , -1 , -1 , 14.7 , -13.5 , -1.05 , 7 , 28.5714285714 , 57.1428571429 , 0.0 , 14.2857142857 , 28.0 , 57.0 , 7 , 33.0 , 0.0 , 66.0 , 6 , 14 , 78 , 54 , 44 , 16 , 6 , 6 , 204 , 26.6533299983 , 30 , 4.5607017004 , 29.2 , 51.6 , 89.6 , 2.14972744072 , 4.66221265847 , 4.21369736708 , 2.09760877558 , 7 , 704.63 , 759.03 , 21.8442 , 21.8442 , 1 
5.77049183001 , 6.10777965435 , 6.44574794419 , 7.61187674912 , 5.77049183001 , 5.99715989293 , 6.28738404398 , 6.57878840992 , 3.79583663375 , 5.91802213379 , 3.81262175871 , 7.2916938538 , 6.39627692874 , 3.73511357467 , 5.00118906574 , 4.69671775104 , 2.45996467744 , 8.55263463608 , 6.8671243469 , 2.71610544658 , 101.244319453 , 44.9032665924 , 89.4152861539 , 128.428672346 , 37.1354885016 , 57.6337859176 , 29.1756268708 , 70.9621938565 , 54.2440769286 , 29.3447931716 , 50.2553407675 , 45.5986431059 , 21.7355345729 , 88.2146026063 , 66.0046301795 , 24.2376431866 , 234.64260005 , 66.3718855373 , 140.127766011 , 37.3971306921 , 329.534408585 , 6.53475200164 , 104.8664398 , 5.64383484826 , 0.4341515951 , 232.550618773 , -1 , 1 , 1 , 15.93 , -17.8 , -3.11 , 7 , 42.8571428571 , 0.0 , 42.8571428571 , 14.2857142857 , 33.0 , 0.0 , 3 , 0.0 , 25.0 , 75.0 , 8 , 11 , 44 , 62 , 50 , 26 , 12 , 16 , 210 , 22.239604313 , 50 , 2.39443799948 , 0.5 , 21.0 , 82.0 , 2.67761459294 , 3.16407335179 , 3.4438046217 , 1.71209660165 , 7 , 655.36 , 892.16 , 6.97661 , 9.19133 , 1 
3.87732697632 , 5.78789749525 , 5.87147446822 , 6.83723641572 , 3.87732697632 , 5.03493441064 , 5.87147446822 , 6.83723641572 , 3.79067754339 , 3.84480190735 , 6.81234960009 , 5.70818075657 , 10.1760152123 , 5.49039846136 , 2.43247748262 , 3.84480190735 , 6.81234960009 , 4.48201112065 , 8.80474577705 , 5.49039846136 , 70.9093852697 , 36.7241818976 , 149.832705384 , 108.193751139 , 40.4315953496 , 40.2997455846 , 73.1449317636 , 58.6205517579 , 107.123844099 , 50.4932924788 , 28.020864178 , 40.2997455846 , 73.1449317636 , 47.7726695143 , 94.5194227923 , 50.4932924788 , 352.404497595 , 35.1250592394 , 239.107969129 , 305.388201281 , 231.489624748 , 331.718416007 , 309.966780594 , 336.527959285 , 6.90565236226 , 285.173166073 , -1 , -1 , -1 , 15.85 , -17.2 , -2.56 , 6 , 16.6666666667 , 50.0 , 0.0 , 33.3333333333 , 0.0 , 75.0 , 4 , 28.0 , 28.0 , 42.0 , 7 , 14 , 74 , 38 , 66 , 20 , 10 , 4 , 212 , 27.0148107526 , 26 , 4.25049016781 , 18.4 , 41.8 , 89.6 , 2.16402668347 , 3.95338151976 , 3.18620302831 , 1.67127123274 , 6 , 549.93 , 860.49 , 13.1871 , 17.9517 , 0 
6.13787792505 , 6.56015820225 , 6.7062810492 , 7.16973616058 , 5.72568515797 , 6.56015820225 , 6.7062810492 , 7.16973616058 , 5.91802213379 , 7.2916938538 , 3.81465768411 , 3.79583663375 , 8.52206005275 , 10.5755348487 , 4.2723450598 , 6.70775071203 , 4.29240659942 , 3.79583663375 , 8.52206005275 , 10.5755348487 , 78.3476142242 , 105.878458403 , 53.6459061525 , 93.2658730855 , 55.4369279527 , 69.0175709382 , 32.1385451429 , 33.2287156688 , 76.5906434716 , 99.2529468987 , 39.9776763382 , 64.7459270195 , 36.7753633066 , 33.2287156688 , 76.5906434716 , 99.2529468987 , 232.364085553 , 234.64260005 , 64.2238677399 , 73.8452431683 , 104.8664398 , 329.534408585 , 6.53475200164 , 232.550618773 , 5.64383484826 , 0.4341515951 , 1 , -1 , 1 , 15.93 , -17.8 , -3.11 , 7 , 42.8571428571 , 0.0 , 42.8571428571 , 14.2857142857 , 50.0 , 50.0 , 2 , 28.0 , 14.0 , 57.0 , 7 , 11 , 54 , 44 , 64 , 22 , 14 , 4 , 202 , 23.5881326094 , 48 , 1.48323969742 , -7.0 , 1.5 , 82.0 , 4.08251197101 , 2.98413674816 , 3.71055434434 , 1.63753554449 , 7 , 619.68 , 748.72 , 5.4276 , 5.4276 , 0 
5.29498138107 , 5.81855675289 , 6.1458939676 , 7.15466774007 , 5.29498138107 , 5.2533082237 , 6.1458939676 , 6.11357778953 , 3.79583663375 , 5.91802213379 , 3.81262175871 , 7.2916938538 , 6.39627692874 , 3.73511357467 , 5.64639917175 , 5.91802213379 , 2.45996467744 , 9.19064278471 , 7.3681310908 , 4.01612025963 , 98.4577085035 , 44.3474139034 , 92.3464444542 , 128.539751688 , 39.5907518263 , 61.770041047 , 31.3731924525 , 75.0431581952 , 57.990581761 , 31.467672614 , 64.7258173617 , 61.770041047 , 23.5256937571 , 107.203744972 , 80.4256326354 , 38.2443733637 , 234.64260005 , 66.3718855373 , 140.127766011 , 37.3971306921 , 329.534408585 , 6.53475200164 , 104.8664398 , 5.64383484826 , 0.4341515951 , 232.550618773 , -1 , 1 , 1 , 15.93 , -17.8 , -3.11 , 7 , 42.8571428571 , 0.0 , 42.8571428571 , 14.2857142857 , 25.0 , 25.0 , 4 , 15.0 , 23.0 , 61.0 , 13 , 17 , 66 , 94 , 84 , 40 , 16 , 24 , 324 , 34.9055869454 , 64 , 4.36653943835 , 0.5 , 13.5 , 82.0 , 1.19634664694 , 3.14011770093 , 3.46633097601 , 1.74395709698 , 7 , 611.98 , 992.5 , 9.3937 , 9.3937 , 0 
4.12175676631 , 5.87100072534 , 6.48027124756 , 6.59416542995 , 4.12175676631 , 5.87100072534 , 6.48027124756 , 5.21564264356 , 9.25023915892 , 3.81262175871 , 3.79583663375 , 9.67813837544 , 11.4743744444 , 6.39627692874 , 9.25023915892 , 3.81262175871 , 2.45478537767 , 9.67813837544 , 10.2190586871 , 5.4366394606 , 37.0224540248 , 42.0496302302 , 112.93037233 , 54.3039678495 , 134.81124518 , 33.693135245 , 32.0707467206 , 103.067216684 , 133.920953254 , 58.5709127109 , 134.81124518 , 33.693135245 , 27.4173190412 , 103.067216684 , 134.280624469 , 54.0974305634 , 276.359472666 , 73.6937213224 , 237.973989459 , 317.772195253 , 329.534408585 , 345.853943482 , 252.725220959 , 5.64383484826 , 279.187754486 , 307.139795254 , -1 , -1 , -1 , 13.62 , -18.0 , -2.43 , 7 , 14.2857142857 , 28.5714285714 , 42.8571428571 , 14.2857142857 , 0.0 , 50.0 , 4 , 22.0 , 11.0 , 66.0 , 9 , 16 , 176 , 100 , 108 , 30 , 12 , 10 , 436 , 58.9728751207 , 172 , 10.2664502142 , 16 , 18.5 , 48 , 3.17301149738 , 4.02664938177 , 4.43932692123 , 0.910380606804 , 7 , 595.2 , 1317.84 , 5.05949 , 11.9837 , 0 
4.57573009177 , 5.63971585466 , 5.71015018323 , 7.38154072018 , 4.57573009177 , 5.63971585466 , 4.26233449504 , 7.38154072018 , 8.29227703811 , 3.81262175871 , 3.73511357467 , 10.0825322132 , 11.5129747985 , 5.91802213379 , 8.29227703811 , 4.30778564298 , 3.73511357467 , 8.24854530232 , 11.5129747985 , 7.34011363281 , 57.6403874059 , 59.3782856199 , 18.6119500829 , 155.251190429 , 108.08089278 , 41.7155680404 , 24.4922575102 , 125.329463428 , 123.748761564 , 51.8531633719 , 108.08089278 , 58.2120310748 , 24.4922575102 , 112.070398806 , 123.748761564 , 72.6380004339 , 185.357368886 , 162.796991009 , 37.7596503802 , 91.0979762941 , 252.725220959 , 9.7125214373 , 329.534408585 , 307.139795254 , 241.091196414 , 5.64383484826 , -1 , 1 , -1 , 16.54 , -21.8 , -4.3 , 7 , 28.5714285714 , 14.2857142857 , 42.8571428571 , 14.2857142857 , 11.0 , 66.0 , 9 , 27.0 , 9.0 , 63.0 , 11 , 21 , 154 , 122 , 64 , 24 , 4 , 24 , 392 , 53.3835180557 , 216 , 1.65327956902 , 4.0 , 8.0 , -16.0 , 3.30908048839 , 5.5068600837 , 4.66951528725 , 1.0544635322 , 7 , 921.96 , 1010.13 , 15.4793 , 16.6959 , 0 
5.42765010117 , 5.97594831398 , 6.58241037025 , 7.4624147589 , 5.42765010117 , 5.77189621509 , 6.58241037025 , 6.40119691051 , 3.79583663375 , 5.91802213379 , 3.81262175871 , 7.2916938538 , 6.39627692874 , 3.73511357467 , 5.00118906574 , 5.91802213379 , 2.45996467744 , 9.19759385877 , 6.8671243469 , 4.01612025963 , 96.8129674134 , 40.9408760985 , 94.753352235 , 129.901798604 , 38.5076339334 , 58.0948318352 , 29.3470308075 , 70.8010845614 , 55.5238055267 , 30.0172821339 , 52.9368163015 , 58.0948318352 , 22.0963486467 , 96.0076751357 , 68.4579615554 , 36.0024628898 , 234.64260005 , 66.3718855373 , 140.127766011 , 37.3971306921 , 329.534408585 , 6.53475200164 , 104.8664398 , 5.64383484826 , 0.4341515951 , 232.550618773 , -1 , 1 , 1 , 15.93 , -17.8 , -3.11 , 7 , 42.8571428571 , 0.0 , 42.8571428571 , 14.2857142857 , 50.0 , 0.0 , 2 , 20.0 , 20.0 , 60.0 , 10 , 12 , 54 , 66 , 58 , 26 , 12 , 16 , 232 , 25.1594912508 , 60 , 4.17931413831 , 0.5 , 21.0 , 82.0 , 1.16702867023 , 3.31197325261 , 3.48418099102 , 1.68009393346 , 7 , 651.87 , 894.15 , 12.3796 , 12.3796 , 0 
3.68782875706 , 5.06098663009 , 5.5771401644 , 6.97812451633 , 3.35337761639 , 5.06098663009 , 4.75345319944 , 6.97812451633 , 3.79583663375 , 3.7464693476 , 10.3393529022 , 5.33011012448 , 9.96048222948 , 10.4495920354 , 4.83442619895 , 3.74588548216 , 10.3208374456 , 4.22323965984 , 9.96048222948 , 10.3580118959 , 68.2254316562 , 99.1787551649 , 14.2121436977 , 74.140501271 , 48.3544490376 , 41.7930427149 , 150.078236729 , 59.9036499419 , 110.645054225 , 112.188599733 , 66.5876034238 , 51.5851931957 , 174.439149739 , 50.8560875986 , 110.645054225 , 122.863463954 , 23.9993555849 , 319.74298026 , 230.293077326 , 145.838684098 , 6.53475200164 , 329.534408585 , 218.517876195 , 0.4341515951 , 5.64383484826 , 69.4402679555 , 1 , -1 , -1 , 19.87 , -21.6 , -3.22 , 10 , 30.0 , 30.0 , 30.0 , 10.0 , 33.0 , 50.0 , 6 , 0.0 , 25.0 , 75.0 , 8 , 18 , 126 , 66 , 108 , 26 , 20 , 10 , 356 , 45.1685731455 , 114 , 8.05398452113 , 39.5 , 73.0 , 134.0 , 3.71602026309 , 6.35177685576 , 5.30039323666 , 1.58536941685 , 10 , 650.06 , 774.34 , 11.7465 , 15.9445 , 0 
5.98636492406 , 6.44252032742 , 6.5724162688 , 7.59770780741 , 5.98636492406 , 6.29244139365 , 6.42158095667 , 7.59770780741 , 3.79583663375 , 5.91802213379 , 8.52206005275 , 7.2916938538 , 10.5755348487 , 3.81465768411 , 5.00118906574 , 4.69671775104 , 8.52206005275 , 8.55263463608 , 12.0343829486 , 4.39166171141 , 98.9751240724 , 44.7580043376 , 89.2577872118 , 95.0365580502 , 35.3233276183 , 55.9934330736 , 76.693736525 , 68.1385420794 , 97.4011991536 , 30.137708617 , 47.991065118 , 44.3118494074 , 76.693736525 , 84.5440143456 , 119.791436134 , 35.2617586144 , 234.64260005 , 66.3718855373 , 27.7561200317 , 215.765714355 , 329.534408585 , 6.53475200164 , 104.8664398 , 5.64383484826 , 0.4341515951 , 232.550618773 , -1 , 1 , 1 , 15.82 , -19.6 , -2.94 , 6 , 33.3333333333 , 0.0 , 50.0 , 16.6666666667 , 33.0 , 0.0 , 3 , 0.0 , 33.0 , 66.0 , 6 , 9 , 42 , 48 , 50 , 18 , 12 , 6 , 176 , 19.9449241663 , 50 , 2.20605228104 , 0.5 , 21.0 , 82.0 , 2.86567036609 , 5.95987152414 , 3.53485427747 , 1.70394425798 , 6 , 652.02 , 906.51 , 12.3796 , 12.3796 , 0 
5.15957570686 , 5.32176087941 , 6.90701964825 , 7.93813609679 , 3.55193771475 , 5.32176087941 , 6.90701964825 , 7.93813609679 , 3.81262175871 , 10.0825322132 , 9.25023915892 , 8.29227703811 , 9.67813837544 , 6.22818351441 , 4.30778564298 , 8.24854530232 , 7.20109937066 , 8.29227703811 , 9.67813837544 , 6.22818351441 , 8.99053698808 , 76.8772357949 , 72.8096546224 , 12.7439750652 , 42.6266184594 , 112.54674345 , 87.1532327757 , 84.3276417074 , 91.5810911546 , 49.0078120962 , 53.7014099667 , 99.0468318176 , 65.0646198162 , 84.3276417074 , 91.5810911546 , 49.0078120962 , 9.86749207873 , 185.357368886 , 116.75474012 , 78.6282974538 , 329.534408585 , 252.725220959 , 9.7125214373 , 5.64383484826 , 307.139795254 , 241.091196414 , -1 , -1 , 1 , 11.8 , -15.1 , -1.32 , 5 , 40.0 , 20.0 , 40.0 , 0.0 , 0.0 , 50.0 , 2 , 0.0 , 14.0 , 85.0 , 7 , 12 , 106 , 60 , 44 , 12 , 2 , 6 , 230 , 34.1555266392 , 108 , 1.21106014164 , 5.0 , 8.0 , 12.0 , 2.17955540084 , 6.59570935467 , 3.80622280337 , 1.86329584859 , 5 , 551.86 , 811.26 , 16.2001 , 16.6959 , 1 
